user,slug,rating
BC,the-shawshank-redemption,4.5
BC,fast-five,3.5
BC,a-few-good-men,5.0
BC,stand-by-me,3.5
BC,whip-it,3.0
BC,pocahontas,4.0
BC,tony-2026,4.0
BC,creed,5.0
BC,game-change,2.5
BC,the-princess-bride,5.0
BC,thelma-louise,4.0
BC,wild-inside,4.0
BC,good-time,4.0
BC,once,4.5
BC,american-gangster,4.0
BC,the-odyssey-2026,5.0
BC,the-wind-rises,3.0
BC,the-secret-world-of-arrietty,4.0
BC,o-brother-where-art-thou,3.5
BC,notting-hill,3.5
BC,the-sheep-detectives,3.5
BC,project-hail-mary,3.5
BC,the-moment-2026,3.0
BC,obsession-2025,4.0
BC,scarface-1983,4.5
BC,casino,4.0
BC,your-name,4.0
BC,burn-after-reading,4.0
BC,casino-royale-2006,4.0
BC,pretty-woman,4.0
BC,moonrise-kingdom,4.0
BC,backrooms-2026,4.0
BC,jane-2017-1,4.0
BC,phantom-thread,4.5
BC,her,4.5
BC,old-school,3.5
BC,titanic-1997,5.0
BC,idiocracy,3.0
BC,sicario-2015,3.5
BC,memoirs-of-a-geisha,2.0
BC,wedding-crashers,4.0
BC,noah-kahan-out-of-body,3.0
BC,blade-runner-2049,4.0
BC,the-end-of-the-tour,4.0
BC,apocalypse-now,5.0
BC,blood-diamond,3.0
BC,10-things-i-hate-about-you,4.0
BC,the-drama,3.5
BC,perfect-blue,3.0
BC,the-town,4.0
BC,weapons-2025,3.5
BC,zootopia-2,2.5
BC,kokuho,4.0
BC,cutting-through-rocks,4.0
BC,sirat-2025,2.5
BC,nirvanna-the-band-the-show-the-movie,4.0
BC,the-alabama-solution,5.0
BC,viva-verdi,3.5
BC,blue-moon-2025,2.5
BC,pillion-2025,4.5
BC,mr-nobody-against-putin,3.5
BC,elio,2.0
BC,the-smashing-machine-2025,2.0
BC,the-testament-of-ann-lee,4.0
BC,jurassic-world-rebirth,2.5
BC,come-see-me-in-the-good-light,4.0
BC,it-was-just-an-accident,3.5
BC,the-perfect-neighbour,4.0
BC,saving-silverman,3.0
BC,goodfellas,4.0
BC,song-sung-blue-2025,3.5
BC,people-we-meet-on-vacation,2.5
BC,no-other-choice-2025,4.0
BC,is-this-thing-on-2025,4.0
BC,if-i-had-legs-id-kick-you,4.0
BC,avatar-fire-and-ash,3.5
BC,f1,4.0
BC,how-to-train-your-dragon-2025,3.5
BC,marty-supreme,4.5
BC,the-secret-agent-2025,2.0
BC,splitsville,3.0
BC,wake-up-dead-man,4.0
BC,hamnet,4.0
BC,train-dreams,2.0
BC,twinless,4.5
BC,the-phoenician-scheme,3.5
BC,superman-2025,3.0
BC,kpop-demon-hunters,3.5
BC,eternity-2025-1,4.0
BC,rental-family-2025,3.0
BC,wicked-for-good,3.5
BC,a-house-of-dynamite,3.0
BC,warfare,4.0
BC,frankenstein-2025,3.0
BC,sentimental-value-2025,4.5
BC,incredibles-2,3.5
BC,bugonia,3.5
BC,one-battle-after-another,4.0
BC,eddington,3.5
BC,roofman,4.0
BC,the-shining,4.5
BC,youve-got-mail,4.5
BC,rush-hour,4.0
BC,election,5.0
BC,sorry-baby-2025,4.0
BC,shakespeare-in-love,4.0
BC,us-2019,3.5
BC,anatomy-of-a-fall,3.0
BC,the-holdovers,4.5
BC,batman-begins,4.5
BC,the-departed,4.5
BC,the-hangover,4.0
BC,the-big-short,4.0
BC,the-dark-knight-rises,4.0
BC,raising-arizona,3.5
BC,mean-girls,5.0
BC,sideways,5.0
BC,the-big-lebowski,4.5
BC,la-la-land,4.5
BC,best-in-show,3.5
BC,the-sound-of-music,4.5
BC,the-graduate,3.0
BC,fargo,5.0
BC,before-midnight,3.5
BC,freaky-friday-2003,2.5
BC,waitress,3.0
BC,the-naked-gun,4.0
BC,almost-famous,4.0
BC,my-big-fat-greek-wedding,4.0
BC,brokeback-mountain,4.5
BC,materialists,4.5
BC,fast-furious,2.5
BC,black-bag-2025,2.0
BC,friendship-2024,4.0
BC,the-fast-and-the-furious-tokyo-drift,1.5
BC,2-fast-2-furious,3.0
BC,the-fast-and-the-furious-2001,3.5
BC,crouching-tiger-hidden-dragon,4.0
BC,children-of-men,5.0
BC,8-mile,4.0
BC,chicago,3.0
BC,sinners-2025,4.5
BC,erin-brockovich,4.5
BC,my-old-ass,2.5
BC,dating-amber,4.5
BC,black-box-diaries,4.5
BC,nickel-boys,4.0
BC,the-seed-of-the-sacred-fig,3.5
BC,elton-john-never-too-late,3.5
BC,no-other-land,4.5
BC,daughters,5.0
BC,one-of-them-days,3.5
BC,alien-romulus,2.5
BC,sing-sing-2023,4.5
BC,sugarcane,3.5
BC,little-women-2019,4.0
BC,anora,5.0
BC,the-wild-robot,4.5
BC,im-still-here-2024,4.0
BC,kneecap,4.0
BC,nosferatu-2024,4.0
BC,i-saw-the-tv-glow,3.0
BC,citizenfour,3.5
BC,flow-2024,3.5
BC,inside-out-2-2024,3.0
BC,emilia-perez,2.0
BC,the-brutalist,4.5
BC,memoir-of-a-snail,4.0
BC,the-outrun,3.5
BC,joker-folie-a-deux,1.5
BC,wallace-gromit-vengeance-most-fowl,3.5
BC,wicked-2024,5.0
BC,blitz-2024,2.0
BC,a-complete-unknown,3.0
BC,the-lighthouse-2019,3.0
BC,the-apprentice-2024,3.5
BC,thelma-2024,3.5
BC,the-holiday,4.0
BC,all-the-beauty-and-the-bloodshed,3.5
BC,civil-war-2024,3.0
BC,gladiator-ii,3.0
BC,queer-2024,1.5
BC,didi-2024,4.0
BC,the-wizard-of-oz-1939,4.0
BC,conclave,3.5
BC,the-substance,4.0
BC,a-real-pain,3.5
BC,miss-congeniality,4.0
BC,dune-part-two,5.0
BC,we-live-in-time,3.0
BC,blackberry-2023,3.5
BC,clueless,5.0
BC,in-bruges,4.5
BC,brave-2012,2.5
BC,alien,4.0
BC,before-sunset,4.5
BC,before-sunrise,3.5
BC,bottoms,2.5
BC,theater-camp-2023,4.0
BC,the-40-year-old-virgin,3.5
BC,inside-out-2015,3.0
BC,the-fall-guy-2024,2.0
BC,the-imitation-game,3.0
BC,palm-springs-2020,4.5
BC,marcel-the-shell-with-shoes-on-2021,4.5
BC,dune-2021,5.0
BC,the-batman,4.5
BC,oppenheimer-2023,4.0
BC,hit-man-2023,3.0
BC,mad-max-fury-road,4.0
BC,furiosa-a-mad-max-saga,4.0
BC,definitely-maybe,3.0
BC,challengers,4.0
BC,eternal-sunshine-of-the-spotless-mind,2.0
BC,marie-antoinette-2006,3.0
BC,les-miserables-2012,3.0
BC,the-greatest-showman,3.0
BC,mad-max,1.0
BC,golda-2023,2.5
BC,tar-2022,2.5
BC,poor-things-2023,3.5
BC,anyone-but-you,2.5
BC,saltburn,1.0
BC,mamma-mia,4.0
BC,the-hunger-games-catching-fire,4.0
BC,walle,4.0
BC,hereditary,4.0
BC,the-godfather,4.0
BC,django-unchained,4.0
BC,forrest-gump,4.5
BC,the-menu-2022,2.0
BC,the-truman-show,4.0
BC,pulp-fiction,4.0
BC,the-dark-knight,5.0
BC,the-social-network,5.0
BC,the-wolf-of-wall-street,4.0
BC,whiplash-2014,4.5
BC,knives-out-2019,4.5
BC,jojo-rabbit,4.5
BC,promising-young-woman,4.5
BC,nomadland,4.5
BC,summer-of-soul-or-when-the-revolution-could,3.5
BC,tick-tick-boom-2021,4.5
BC,the-emperors-new-groove,5.0
BC,godzilla-minus-one,4.0
BC,eighth-grade,4.0
BC,american-history-x,5.0
BC,elf,5.0
BC,school-of-rock,5.0
BC,crazy-stupid-love,4.0
BC,legally-blonde,4.5
BC,oceans-eleven-2001,4.5
BC,a-star-is-born-2018,4.5
BC,gladiator-2000,5.0
BC,die-hard,4.5
BC,sound-of-metal,4.5
BC,the-royal-tenenbaums,4.0
BC,the-zone-of-interest,4.0
BC,about-time,4.5
BC,pirates-of-the-caribbean-the-curse-of-the-black-pearl,4.5
BC,american-beauty,3.5
BC,twilight-2008,4.0
BC,i-tonya,4.0
BC,juno,4.0
BC,rogue-one-a-star-wars-story,4.0
BC,tangled-2010,4.5
BC,encanto,4.0
BC,ex-machina-2015,4.0
BC,the-prestige,4.5
BC,superbad,4.5
BC,the-lord-of-the-rings-the-two-towers,5.0
BC,the-incredibles,4.0
BC,the-lord-of-the-rings-the-return-of-the-king,5.0
BC,coraline,4.0
BC,nightcrawler,4.0
BC,the-breakfast-club,4.0
BC,the-banshees-of-inisherin,3.0
BC,killers-of-the-flower-moon,3.5
BC,uncut-gems,4.0
BC,moonlight-2016,4.0
BC,aftersun,4.0
BC,the-hunger-games,4.0
BC,little-miss-sunshine,4.5
BC,top-gun-maverick,4.0
BC,good-will-hunting,4.0
BC,past-lives,4.0
BC,the-lord-of-the-rings-the-fellowship-of-the-ring,5.0
BC,dead-poets-society,4.0
BC,fantastic-mr-fox,4.0
BC,the-matrix,5.0
BC,ratatouille,4.0
BC,call-me-by-your-name,4.5
BC,shutter-island,3.5
BC,the-silence-of-the-lambs,5.0
BC,lady-bird,3.5
BC,spider-man-across-the-spider-verse,4.0
BC,inception,4.5
BC,midsommar,4.0
BC,get-out-2017,4.0
BC,spider-man-into-the-spider-verse,4.0
BC,fight-club,4.0
BC,everything-everywhere-all-at-once,4.0
BC,barbie,4.0
BC,taylor-swift-the-eras-tour,0.0
BC,american-fiction,0.0
BC,no-hard-feelings-2023,0.0
BC,the-iron-claw-2023,0.0
BC,may-december,0.0
BC,bo-burnham-inside,0.0
BC,the-fabelmans,0.0
BC,wonka,0.0
BC,the-whale-2022,0.0
BC,belfast,0.0
BC,women-talking,0.0
BC,coda-2021,0.0
BC,drive-my-car,0.0
BC,napoleon-2023,0.0
BC,borat-subsequent-moviefilm-delivery-of-prodigious,0.0
BC,licorice-pizza,0.0
BC,spencer-2021,0.0
BC,my-octopus-teacher,0.0
BC,mean-girls-2024,0.0
BC,one-night-in-miami,0.0
BC,glass-onion,0.0
BC,dont-look-up-2021,0.0
BC,scream-2022,0.0
BC,spider-man-no-way-home,0.0
BC,ma-raineys-black-bottom,0.0
BC,minari,0.0
BC,elvis-2022,0.0
BC,king-richard,0.0
BC,mank,0.0
BC,the-power-of-the-dog,0.0
BC,the-father-2020,0.0
BC,nightmare-alley-2021,0.0
BC,the-tragedy-of-macbeth,0.0
BC,judas-and-the-black-messiah,0.0
BC,da-5-bloods,0.0
BC,rrr,0.0
BC,last-night-in-soho,0.0
BC,american-factory,0.0
BC,the-trial-of-the-chicago-7,0.0
BC,emma-2020,0.0
BC,guillermo-del-toros-pinocchio,0.0
BC,the-two-popes,0.0
BC,the-french-dispatch-of-the-liberty-kansas,0.0
BC,1917,0.0
BC,maestro-2023,0.0
BC,west-side-story-2021,0.0
BC,turning-red,0.0
BC,the-boy-and-the-heron,0.0
BC,soul-2020,0.0
BC,black-panther-wakanda-forever,0.0
BC,booksmart,0.0
BC,triangle-of-sadness,0.0
BC,parasite-2019,0.0
BC,marriage-story-2019,0.0
BC,green-book,0.0
BC,blackkklansman,0.0
BC,joker-2019,0.0
BC,once-upon-a-time-in-hollywood,0.0
BC,if-beale-street-could-talk,0.0
BC,crazy-rich-asians,0.0
BC,icarus-2017,0.0
BC,spider-man-far-from-home,0.0
BC,vice-2018,0.0
BC,roma-2018,0.0
BC,sorry-to-bother-you,0.0
BC,bohemian-rhapsody,0.0
BC,the-shape-of-water,0.0
BC,the-irishman-2019,0.0
BC,the-favourite,0.0
BC,dunkirk-2017,0.0
BC,three-billboards-outside-ebbing-missouri,0.0
BC,coco-2017,0.0
BC,it-2017,0.0
BC,baby-driver,0.0
BC,frozen-2,0.0
BC,arrival-2016,0.0
BC,spider-man-homecoming,0.0
BC,puss-in-boots-the-last-wish,0.0
BC,spotlight,0.0
BC,the-nice-guys,0.0
BC,black-panther,0.0
BC,thor-ragnarok,0.0
BC,straight-outta-compton,0.0
BC,zootopia,0.0
BC,room-2015,0.0
BC,logan-2017,0.0
BC,the-lobster,0.0
BC,john-wick,0.0
BC,unbroken,0.0
BC,gone-girl,0.0
BC,spectre-2015,0.0
BC,birdman-or-the-unexpected-virtue-of-ignorance,0.0
BC,interstellar,0.0
BC,dallas-buyers-club,0.0
BC,prisoners,0.0
BC,the-lego-movie,0.0
BC,frances-ha,0.0
BC,dawn-of-the-planet-of-the-apes,0.0
BC,guardians-of-the-galaxy,0.0
BC,paddington,0.0
BC,pitch-perfect,0.0
BC,the-perks-of-being-a-wallflower,0.0
BC,silver-linings-playbook,0.0
BC,avatar-the-way-of-water,0.0
BC,silence,0.0
BC,blade-runner,0.0
BC,back-to-the-future,0.0
BC,spirited-away,0.0
BC,lost-in-translation,0.0
BC,edward-scissorhands,0.0
BC,the-devil-wears-prada,0.0
BC,borat-cultural-learnings-of-america-for-make-benefit-glorious-nation-of-kazakhstan,0.0
BC,when-harry-met-sally,0.0
BC,catch-me-if-you-can-2002,0.0
BC,requiem-for-a-dream,0.0
BC,aliens,0.0
BC,home-alone-2-lost-in-new-york,0.0
BC,se7en,0.0
BC,shrek,0.0
BC,the-talented-mr-ripley,0.0
BC,american-psycho,0.0
BC,the-pursuit-of-happyness,0.0
BC,iron-man-2008,0.0
BC,zodiac,0.0
BC,girl-interrupted,0.0
BC,scream,0.0
BC,no-country-for-old-men,0.0
BC,there-will-be-blood,0.0
BC,ferris-buellers-day-off,0.0
BC,13-going-on-30-3,0.0
BC,the-iron-giant,0.0
BC,quantum-of-solace,0.0
BC,the-notebook,0.0
BC,kikis-delivery-service,0.0
BC,zombieland,0.0
BC,500-days-of-summer,0.0
BC,avatar,0.0
BC,skyfall,0.0
BC,all-quiet-on-the-western-front-2022,0.0
BC,midnight-in-paris,0.0
BC,moneyball,0.0
BC,finding-nemo,0.0
BC,the-girl-with-the-dragon-tattoo-2011,0.0
BC,the-great-gatsby-2013,0.0
BC,21-jump-street,0.0
BC,drive-2011,0.0
CA,hope-2026,4.0
CA,amadeus,4.0
CA,the-whisper-man,2.0
CA,buddy-2026,3.0
CA,spider-man-brand-new-day,3.0
CA,teenage-sex-and-death-at-camp-miasma,3.0
CA,the-sheep-detectives,3.5
CA,the-odyssey-2026,5.0
CA,sorcerer,4.5
CA,disclosure-day,2.5
CA,tony-2026,4.5
CA,the-samurai-and-the-prisoner,4.0
CA,under-the-skin-2013,4.0
CA,oppenheimer-2023,4.5
CA,nirvanna-the-band-the-show-the-movie,5.0
CA,following,3.0
CA,gail-daughtry-and-the-celebrity-sex-pass,3.5
CA,the-worst-person-in-the-world,3.5
CA,le-samourai,4.0
CA,the-invite-2026,4.0
CA,ai-artificial-intelligence,4.0
CA,inside-man,4.5
CA,backrooms-2026,4.0
CA,close-encounters-of-the-third-kind,4.5
CA,obsession-2025,3.5
CA,the-conjuring-last-rites,1.5
CA,point-break,3.0
CA,wuthering-heights-2026,1.5
CA,the-fall,3.5
CA,hokum,4.0
CA,in-the-mood-for-love,5.0
CA,they-came-together,3.5
CA,anaconda-2025,2.0
CA,when-harry-met-sally,5.0
CA,fantastic-mr-fox,5.0
CA,jackass-45,3.5
CA,the-nice-guys,4.5
CA,the-christophers,4.5
CA,serpents-path,4.0
CA,chime,4.0
CA,the-drama,3.5
CA,thief,4.0
CA,the-exorcist-iii,4.0
CA,this-is-spinal-tap,4.0
CA,blackberry-2023,4.0
CA,project-hail-mary,3.5
CA,birth-2004,4.5
CA,sexy-beast,4.0
CA,undertone-2025,2.5
CA,weapons-2025,4.0
CA,caught-by-the-tides,3.0
CA,the-smashing-machine-2025,2.0
CA,the-ugly-stepsister,3.0
CA,eephus,3.5
CA,the-lost-bus,3.0
CA,the-fantastic-4-first-steps,3.5
CA,song-sung-blue-2025,1.5
CA,zootopia-2,3.0
CA,arco,3.0
CA,elio,3.0
CA,blue-moon-2025,2.5
CA,good-luck-have-fun-dont-die,3.5
CA,kpop-demon-hunters,3.0
CA,kokuho,4.0
CA,sirat-2025,2.5
CA,pillion-2025,4.5
CA,the-voice-of-hind-rajab,2.5
CA,little-amelie-or-the-character-of-rain,2.0
CA,send-help,3.5
CA,kiss-kiss-bang-bang-2005,4.0
CA,28-years-later-the-bone-temple,4.5
CA,lady-vengeance,4.0
CA,apocalypse-now,5.0
CA,sympathy-for-mr-vengeance,4.0
CA,avatar-fire-and-ash,4.0
CA,the-testament-of-ann-lee,3.0
CA,jay-kelly,2.0
CA,the-monkey-2025,2.5
CA,marty-supreme,5.0
CA,is-this-thing-on-2025,4.0
CA,the-mastermind-2025,3.5
CA,wake-up-dead-man,4.0
CA,zodiac,4.5
CA,superman-2025,3.5
CA,the-secret-agent-2025,4.0
CA,splitsville,3.0
CA,the-seed-of-the-sacred-fig,2.0
CA,mickey-17,3.5
CA,28-weeks-later,2.0
CA,jurassic-world-rebirth,2.5
CA,now-you-see-me,2.5
CA,together-2025,3.0
CA,the-conjuring-the-devil-made-me-do-it,2.0
CA,wicked-for-good,1.5
CA,caught-stealing,2.5
CA,train-dreams,2.5
CA,the-long-walk-2025,2.5
CA,wicked-2024,3.0
CA,now-you-see-me-2,2.0
CA,grizzly-man,4.0
CA,no-other-choice-2025,4.5
CA,hamnet,4.5
CA,the-running-man-2025,2.5
CA,frankenstein-2025,3.0
CA,seven-samurai,5.0
CA,predator-badlands,4.0
CA,die-my-love,3.0
CA,sorry-baby-2025,4.5
CA,sentimental-value-2025,4.5
CA,warfare,4.0
CA,enemy,4.0
CA,springsteen-deliver-me-from-nowhere,3.0
CA,a-house-of-dynamite,3.0
CA,bugonia,4.0
CA,memoir-of-a-snail,1.5
CA,shelby-oaks,1.5
CA,it-was-just-an-accident,3.5
CA,if-i-had-legs-id-kick-you,4.0
CA,the-first-omen,4.0
CA,phantom-thread,5.0
CA,there-will-be-blood,5.0
CA,boogie-nights,5.0
CA,one-battle-after-another,5.0
CA,let-the-right-one-in,4.5
CA,inherent-vice,4.0
CA,inside-llewyn-davis,4.0
CA,drop-2025,1.5
CA,the-dark-knight-rises,4.5
CA,the-dark-knight,5.0
CA,batman-begins,4.0
CA,sicario-2015,5.0
CA,the-whale-2022,4.0
CA,burn-after-reading,4.0
CA,playtime,4.5
CA,the-fog,4.0
CA,high-and-low,4.5
CA,cloud-2024,3.5
CA,final-destination-bloodlines,3.0
CA,rogue-one-a-star-wars-story,4.0
CA,possession,3.0
CA,the-naked-gun,4.0
CA,eddington,4.5
CA,the-insider,4.5
CA,the-hunger-games-catching-fire,4.0
CA,the-prestige,4.5
CA,inception,5.0
CA,jurassic-world-dominion,1.0
CA,the-phoenician-scheme,4.0
CA,f1,4.0
CA,paris-texas,4.0
CA,materialists,3.5
CA,infernal-affairs,4.0
CA,blood-simple,3.0
CA,28-years-later,4.0
CA,popstar-never-stop-never-stopping,4.0
CA,hustle-flow,4.0
CA,ballerina-2025,3.0
CA,bring-her-back,3.5
CA,talk-to-me-2022,3.0
CA,mission-impossible-the-final-reckoning,3.0
CA,mission-impossible-rogue-nation,4.5
CA,the-vanishing,3.5
CA,the-celebration,4.5
CA,the-hunt-2012,4.0
CA,friendship-2024,4.0
CA,mission-impossible-iii,3.5
CA,mission-impossible-ii,2.0
CA,sinners-2025,4.5
CA,la-confidential,4.5
CA,pulse-2001,3.0
CA,carol-2015,4.5
CA,collateral,4.0
CA,black-bag-2025,4.0
CA,the-girl-with-the-needle,4.0
CA,a-complete-unknown,3.0
CA,evil-does-not-exist,4.0
CA,a-different-man,4.0
CA,the-apprentice-2024,3.5
CA,im-still-here-2024,3.5
CA,september-5,3.0
CA,nickel-boys,4.5
CA,the-brutalist,4.5
CA,the-wild-robot,3.5
CA,no-other-land,5.0
CA,the-french-dispatch-of-the-liberty-kansas,3.5
CA,sing-sing-2023,4.0
CA,den-of-thieves,3.0
CA,babygirl-2024,3.5
CA,eyes-wide-shut,4.0
CA,flow-2024,4.0
CA,emilia-perez,1.5
CA,a-real-pain,3.5
CA,28-days-later,4.0
CA,wallace-gromit-vengeance-most-fowl,3.5
CA,the-order-2024,4.0
CA,inside-out-2-2024,1.5
CA,saturday-night-2024,2.0
CA,nosferatu-2024,4.0
CA,gladiator-ii,3.0
CA,juror-2,3.0
CA,heretic-2024,3.0
CA,red-rooms,3.5
CA,interstellar,5.0
CA,conclave,4.0
CA,avengers-endgame,4.0
CA,the-handmaiden,4.5
CA,jackass-forever,4.0
CA,smile-2-2024,3.5
CA,oddity-2024,4.0
CA,gladiator-2000,5.0
CA,the-bikeriders,3.0
CA,the-fall-guy-2024,3.5
CA,saltburn,2.0
CA,the-sixth-sense,5.0
CA,insomnia-2002,3.5
CA,michael-clayton,4.5
CA,furiosa-a-mad-max-saga,4.0
CA,napoleon-2023,2.5
CA,creepy,2.5
CA,the-substance,4.5
CA,maxxxine,2.5
CA,before-midnight,3.0
CA,hit-man-2023,3.0
CA,anora,4.5
CA,strange-darling,4.0
CA,wolfs,3.0
CA,before-sunset,5.0
CA,ring-1998,4.0
CA,a-quiet-place-day-one,3.0
CA,edge-of-tomorrow,4.5
CA,the-boy-and-the-heron,3.5
CA,the-life-aquatic-with-steve-zissou,4.0
CA,harry-potter-and-the-half-blood-prince,3.5
CA,the-grand-budapest-hotel,5.0
CA,harry-potter-and-the-order-of-the-phoenix,3.0
CA,the-master-2012,4.5
CA,rushmore,3.5
CA,alien-romulus,3.5
CA,miami-vice,3.5
CA,bottle-rocket-1996,4.0
CA,abigail-2024,2.5
CA,punch-drunk-love,4.0
CA,trap-2024,3.5
CA,the-descent,3.0
CA,longlegs,3.5
CA,taxi-driver,4.5
CA,chinatown,4.5
CA,furious-7,2.5
CA,a-fistful-of-dollars,4.0
CA,maestro-2023,2.5
CA,american-fiction,3.5
CA,anatomy-of-a-fall,4.0
CA,magnolia,4.0
CA,escape-from-alcatraz,4.0
CA,before-sunrise,4.0
CA,manhunter,4.0
CA,oj-made-in-america,5.0
CA,challengers,4.5
CA,civil-war-2024,4.0
CA,kingdom-of-the-planet-of-the-apes,4.0
CA,fast-furious-6,3.5
CA,fast-five,4.0
CA,2001-a-space-odyssey,4.0
CA,the-fast-and-the-furious-2001,3.0
CA,the-hunger-games-the-ballad-of-songbirds-snakes,3.5
CA,late-night-with-the-devil,3.5
CA,cure,4.5
CA,when-you-finish-saving-the-world,2.5
CA,the-iron-claw-2023,4.5
CA,sinister,3.5
CA,stephen-curry-underrated,3.5
CA,perfect-days-2023,4.5
CA,to-kill-a-tiger,4.0
CA,the-teachers-lounge-2023,4.5
CA,rustin-2023,2.0
CA,barbie,3.5
CA,elemental-2023,3.0
CA,el-conde,2.5
CA,20-days-in-mariupol,4.5
CA,after-yang,3.5
CA,dune-part-two,5.0
CA,macgruber,3.0
CA,the-zone-of-interest,4.5
CA,nimona-2023,3.0
CA,the-wonderful-story-of-henry-sugar,4.0
CA,nyad,1.5
CA,spider-man-across-the-spider-verse,3.0
CA,poor-things-2023,4.0
CA,howls-moving-castle,4.0
CA,the-holdovers,4.0
CA,true-grit-2010,3.5
CA,spirited-away,4.5
CA,smile-2022,2.5
CA,air-2023,2.5
CA,past-lives,4.5
CA,tropic-thunder,4.5
CA,may-december,4.0
CA,creed-iii,4.0
CA,indiana-jones-and-the-dial-of-destiny,3.0
CA,the-royal-tenenbaums,4.0
CA,the-power-of-the-dog,3.5
CA,ford-v-ferrari,3.5
CA,the-creator-2023,2.5
CA,godzilla-minus-one,4.5
CA,asteroid-city,4.0
CA,the-conjuring-2,3.5
CA,the-killer-2023,4.0
CA,a-haunting-in-venice,3.0
CA,a-nightmare-on-elm-street,4.0
CA,killers-of-the-flower-moon,4.5
CA,heat-1995,4.5
CA,the-darjeeling-limited,4.5
CA,saw-x,4.0
CA,the-texas-chain-saw-massacre,4.0
CA,scream-vi,3.5
CA,no-one-will-save-you,3.0
CA,the-conjuring,3.5
CA,night-of-the-living-dead,3.5
CA,bottoms,3.5
CA,knock-at-the-cabin,3.5
CA,extraction-2,2.0
CA,the-exorcist,4.5
CA,wind-river-2017,4.5
CA,gonjiam-haunted-asylum,3.0
CA,pearl-2022,3.5
CA,dungeons-dragons-honor-among-thieves,3.0
CA,mission-impossible-dead-reckoning,4.0
CA,mission-impossible-fallout,4.5
CA,lady-bird,5.0
CA,midsommar,3.5
CA,soul-2020,3.0
CA,the-suicide-squad,4.0
CA,the-green-knight,3.5
CA,guardians-of-the-galaxy-vol-3,4.0
CA,indiana-jones-and-the-last-crusade,4.0
CA,mission-impossible-ghost-protocol,4.0
CA,mission-impossible,4.0
CA,indiana-jones-and-the-kingdom-of-the-crystal-skull,2.5
CA,indiana-jones-and-the-temple-of-doom,2.0
CA,raiders-of-the-lost-ark,4.0
CA,booksmart,4.0
CA,john-wick-chapter-3-parabellum,3.5
CA,the-lighthouse-2019,3.5
CA,parasite-2019,5.0
CA,once-upon-a-time-in-hollywood,4.0
CA,toy-story-4,2.0
CA,spider-man-far-from-home,3.0
CA,ready-or-not-2019,3.5
CA,it-chapter-two,4.0
CA,marriage-story-2019,3.0
CA,uncut-gems,4.5
CA,joker-2019,3.0
CA,sound-of-metal,4.5
CA,knives-out-2019,4.0
CA,jojo-rabbit,4.5
CA,the-irishman-2019,4.0
CA,1917,5.0
CA,little-women-2019,4.5
CA,star-wars-the-rise-of-skywalker,0.5
CA,promising-young-woman,4.5
CA,palm-springs-2020,4.0
CA,minari,4.5
CA,the-father-2020,4.5
CA,the-invisible-man-2020,3.5
CA,a-quiet-place-part-ii,4.0
CA,tenet,3.5
CA,im-thinking-of-ending-things,3.0
CA,nomadland,2.5
CA,another-round,4.5
CA,free-guy,3.0
CA,shang-chi-and-the-legend-of-the-ten-rings,3.0
CA,dune-2021,5.0
CA,the-black-phone,3.5
CA,no-time-to-die-2021,3.5
CA,encanto,2.5
CA,licorice-pizza,3.5
CA,dont-look-up-2021,2.5
CA,spider-man-no-way-home,2.5
CA,the-batman,4.5
CA,turning-red,2.5
CA,everything-everywhere-all-at-once,4.5
CA,bodies-bodies-bodies,3.5
CA,the-northman,3.5
CA,doctor-strange-in-the-multiverse-of-madness,1.0
CA,top-gun-maverick,4.0
CA,aftersun,5.0
CA,triangle-of-sadness,4.0
CA,elvis-2022,1.0
CA,bullet-train,4.0
CA,nope,4.0
CA,barbarian-2022,3.5
CA,tar-2022,3.5
CA,the-banshees-of-inisherin,4.0
CA,the-menu-2022,4.0
CA,the-fabelmans,3.5
CA,glass-onion,3.5
CA,all-quiet-on-the-western-front-2022,4.5
CA,black-panther-wakanda-forever,1.5
CA,guillermo-del-toros-pinocchio,4.0
CA,avatar-the-way-of-water,4.0
CA,puss-in-boots-the-last-wish,4.0
CA,john-wick-chapter-4,4.5
CA,squid-game,0.0
CA,wandavision,0.0
CA,the-queens-gambit,0.0
CA,the-farewell-2019,0.0
CA,hereditary,0.0
CA,green-book,0.0
CA,eighth-grade,0.0
CA,blackkklansman,0.0
CA,us-2019,0.0
CA,crazy-rich-asians,0.0
CA,a-quiet-place-2018,0.0
CA,vice-2018,0.0
CA,good-time,0.0
CA,roma-2018,0.0
CA,sorry-to-bother-you,0.0
CA,bohemian-rhapsody,0.0
CA,get-out-2017,0.0
CA,isle-of-dogs-2018,0.0
CA,the-killing-of-a-sacred-deer,0.0
CA,the-shape-of-water,0.0
CA,call-me-by-your-name,0.0
CA,train-to-busan,0.0
CA,i-tonya,0.0
CA,deadpool-2,0.0
CA,split-2016,0.0
CA,moonlight-2016,0.0
CA,the-favourite,0.0
CA,dunkirk-2017,0.0
CA,ant-man-and-the-wasp,0.0
CA,three-billboards-outside-ebbing-missouri,0.0
CA,coco-2017,0.0
CA,paddington-2,0.0
CA,it-2017,0.0
CA,baby-driver,0.0
CA,hell-or-high-water,0.0
CA,blade-runner-2049,0.0
CA,venom-2018,0.0
CA,manchester-by-the-sea,0.0
CA,a-star-is-born-2018,0.0
CA,arrival-2016,0.0
CA,spider-man-into-the-spider-verse,0.0
CA,john-wick-chapter-2,0.0
CA,the-big-short,0.0
CA,spider-man-homecoming,0.0
CA,spotlight,0.0
CA,la-la-land,0.0
CA,the-witch-2015,0.0
CA,annihilation,0.0
CA,avengers-infinity-war,0.0
CA,wonder-woman-2017,0.0
CA,bridge-of-spies,0.0
CA,deadpool,0.0
CA,the-martian,0.0
CA,black-panther,0.0
CA,thor-ragnarok,0.0
CA,doctor-strange-2016,0.0
CA,guardians-of-the-galaxy-vol-2,0.0
CA,the-revenant-2015,0.0
CA,captain-america-civil-war,0.0
CA,it-follows,0.0
CA,zootopia,0.0
CA,ex-machina-2015,0.0
CA,room-2015,0.0
CA,logan-2017,0.0
CA,incredibles-2,0.0
CA,the-lobster,0.0
CA,what-we-do-in-the-shadows,0.0
CA,john-wick,0.0
CA,whiplash-2014,0.0
CA,nightcrawler,0.0
CA,gone-girl,0.0
CA,batman-v-superman-dawn-of-justice,0.0
CA,kingsman-the-secret-service,0.0
CA,the-imitation-game,0.0
CA,birdman-or-the-unexpected-virtue-of-ignorance,0.0
CA,star-wars-the-last-jedi,0.0
CA,big-hero-6,0.0
CA,american-hustle,0.0
CA,her,0.0
CA,inside-out-2015,0.0
CA,prisoners,0.0
CA,star-wars-the-force-awakens,0.0
CA,the-lego-movie,0.0
CA,jurassic-world,0.0
CA,the-hunger-games-mockingjay-part-1,0.0
CA,finding-dory,0.0
CA,the-act-of-killing,0.0
CA,about-time,0.0
CA,guardians-of-the-galaxy,0.0
CA,snowpiercer,0.0
CA,frozen-2013,0.0
CA,the-wolf-of-wall-street,0.0
CA,ant-man,0.0
CA,captain-america-the-winter-soldier,0.0
CA,avengers-age-of-ultron,0.0
CA,life-of-pi,0.0
CA,the-perks-of-being-a-wallflower,0.0
CA,moonrise-kingdom,0.0
CA,wreck-it-ralph,0.0
CA,silver-linings-playbook,0.0
CA,thor-the-dark-world,0.0
CA,mad-max-fury-road,0.0
CA,12-years-a-slave,0.0
CA,halloween-1978,0.0
CA,the-hunger-games,0.0
CA,django-unchained,0.0
CA,iron-man-3,0.0
CA,argo,0.0
CA,million-dollar-baby,0.0
CA,memento,0.0
CA,blade-runner,0.0
CA,beverly-hills-cop,0.0
CA,leon-the-professional,0.0
CA,back-to-the-future,0.0
CA,scarface-1983,0.0
CA,charlie-and-the-chocolate-factory,0.0
CA,the-lord-of-the-rings-the-fellowship-of-the-ring,0.0
CA,the-lord-of-the-rings-the-two-towers,0.0
CA,the-lord-of-the-rings-the-return-of-the-king,0.0
CA,o-brother-where-art-thou,0.0
CA,donnie-darko,0.0
CA,lost-in-translation,0.0
CA,oceans-eleven-2001,0.0
CA,back-to-the-future-part-ii,0.0
CA,braveheart,0.0
CA,the-terminator,0.0
CA,the-godfather,0.0
CA,the-godfather-part-ii,0.0
CA,the-silence-of-the-lambs,0.0
CA,fargo,0.0
CA,the-shawshank-redemption,0.0
CA,terminator-2-judgment-day,0.0
CA,jurassic-park,0.0
CA,alien,0.0
CA,the-devil-wears-prada,0.0
CA,12-angry-men,0.0
CA,kill-bill-vol-2,0.0
CA,schindlers-list,0.0
CA,good-will-hunting,0.0
CA,borat-cultural-learnings-of-america-for-make-benefit-glorious-nation-of-kazakhstan,0.0
CA,reservoir-dogs,0.0
CA,casino,0.0
CA,theres-something-about-mary,0.0
CA,fight-club,0.0
CA,spider-man,0.0
CA,spider-man-2,0.0
CA,spider-man-3,0.0
CA,die-hard,0.0
CA,jaws,0.0
CA,monsters-inc,0.0
CA,to-kill-a-mockingbird,0.0
CA,titanic-1997,0.0
CA,et-the-extra-terrestrial,0.0
CA,independence-day,0.0
CA,the-matrix,0.0
CA,grease,0.0
CA,trainspotting,0.0
CA,the-usual-suspects,0.0
CA,the-wizard-of-oz-1939,0.0
CA,catch-me-if-you-can-2002,0.0
CA,mash,0.0
CA,oldboy,0.0
CA,harry-potter-and-the-philosophers-stone,0.0
CA,harry-potter-and-the-chamber-of-secrets,0.0
CA,harry-potter-and-the-prisoner-of-azkaban,0.0
CA,harry-potter-and-the-goblet-of-fire,0.0
CA,pulp-fiction,0.0
CA,the-shining,0.0
CA,top-gun,0.0
CA,shaun-of-the-dead,0.0
CA,v-for-vendetta,0.0
CA,goodfellas,0.0
CA,home-alone,0.0
CA,little-miss-sunshine,0.0
CA,se7en,0.0
CA,shrek,0.0
CA,shrek-2,0.0
CA,a-christmas-story-1983,0.0
CA,saving-private-ryan,0.0
CA,toy-story,0.0
CA,toy-story-2,0.0
CA,cars,0.0
CA,dog-day-afternoon,0.0
CA,the-thing,0.0
CA,the-host,0.0
CA,rocky,0.0
CA,pans-labyrinth,0.0
CA,the-departed,0.0
CA,apocalypto,0.0
CA,school-of-rock,0.0
CA,meet-the-parents,0.0
CA,iron-man-2008,0.0
CA,captain-america-the-first-avenger,0.0
CA,the-empire-strikes-back,0.0
CA,return-of-the-jedi,0.0
CA,star-wars-episode-i-the-phantom-menace,0.0
CA,star-wars-episode-ii-attack-of-the-clones,0.0
CA,star-wars-episode-iii-revenge-of-the-sith,0.0
CA,ratatouille,0.0
CA,the-breakfast-club,0.0
CA,field-of-dreams,0.0
CA,the-princess-bride,0.0
CA,the-bourne-ultimatum,0.0
CA,the-blair-witch-project,0.0
CA,gangs-of-new-york-2002,0.0
CA,hot-fuzz,0.0
CA,into-the-wild,0.0
CA,three-kings,0.0
CA,no-country-for-old-men,0.0
CA,juno,0.0
CA,carrie-1976,0.0
CA,superbad,0.0
CA,the-lion-king,0.0
CA,legally-blonde,0.0
CA,ferris-buellers-day-off,0.0
CA,the-nightmare-before-christmas,0.0
CA,kung-fu-panda,0.0
CA,glengarry-glen-ross,0.0
CA,babe,0.0
CA,clueless,0.0
CA,sideways,0.0
CA,children-of-men,0.0
CA,the-incredibles,0.0
CA,iron-man-2,0.0
CA,how-to-train-your-dragon,0.0
CA,toy-story-3,0.0
CA,thor,0.0
CA,the-iron-giant,0.0
CA,mean-girls,0.0
CA,walle,0.0
CA,pinocchio,0.0
CA,blazing-saddles,0.0
CA,shutter-island,0.0
CA,memories-of-murder,0.0
CA,the-hurt-locker,0.0
CA,the-wrestler,0.0
CA,slumdog-millionaire,0.0
CA,harry-potter-and-the-deathly-hallows-part-1,0.0
CA,harry-potter-and-the-deathly-hallows-part-2,0.0
CA,up,0.0
CA,the-sound-of-music,0.0
CA,inglourious-basterds,0.0
CA,district-9,0.0
CA,the-hangover,0.0
CA,zombieland,0.0
CA,500-days-of-summer,0.0
CA,avatar,0.0
CA,scott-pilgrim-vs-the-world,0.0
CA,the-cabin-in-the-woods,0.0
CA,the-avengers-2012,0.0
CA,casino-royale-2006,0.0
CA,the-truman-show,0.0
CA,skyfall,0.0
CA,easy-a,0.0
CA,the-social-network,0.0
CA,tangled-2010,0.0
CA,black-swan,0.0
CA,gravity-2013,0.0
CA,bridesmaids,0.0
CA,midnight-in-paris,0.0
CA,ghostbusters,0.0
CA,the-kings-speech,0.0
CA,star-wars,0.0
CA,finding-nemo,0.0
CA,forrest-gump,0.0
CA,american-beauty,0.0
CA,pirates-of-the-caribbean-the-curse-of-the-black-pearl,0.0
CA,kill-bill-vol-1,0.0
CA,unforgiven,0.0
CA,the-girl-with-the-dragon-tattoo-2011,0.0
CA,the-great-gatsby-2013,0.0
CA,21-jump-street,0.0
CA,drive-2011,0.0
DN,freakier-friday,3.0
DN,how-to-train-your-dragon-2025,3.5
DN,killers-of-the-flower-moon,4.0
DN,playdate-2025,1.5
DN,good-fortune-2025,2.5
DN,tron-ares,1.5
DN,the-smashing-machine-2025,2.5
DN,nonnas,3.5
DN,predator-badlands,4.0
DN,a-complete-unknown,4.0
DN,the-fantastic-4-first-steps,3.0
DN,roofman,3.5
DN,bugonia,4.0
DN,f1,4.0
DN,queen-slim,4.0
DN,no-other-choice-2025,4.0
DN,marty-supreme,4.5
DN,the-naked-gun,3.5
DN,weapons-2025,3.5
DN,sinners-2025,3.5
DN,frankenstein-2025,4.0
DN,heretic-2024,3.5
DN,past-lives,4.0
DN,lady-bird,3.5
DN,v-for-vendetta,4.0
DN,mission-impossible-the-final-reckoning,4.0
DN,materialists,3.5
DN,a-working-man,2.5
DN,warfare,4.0
DN,sicario-2015,5.0
DN,friendship-2024,3.5
DN,the-accountant-2025,3.0
DN,the-platform,4.0
DN,law-abiding-citizen,4.0
DN,final-destination-bloodlines,3.0
DN,thirteen,3.5
DN,anora,4.0
DN,whiplash-2014,4.5
DN,the-monkey-2025,1.5
DN,arrival-2016,4.0
DN,challengers,4.0
DN,eileen-2023,3.0
DN,mothers-instinct-2024,3.0
DN,number-24,4.0
DN,gladiator-2000,5.0
DN,gladiator-ii,3.5
DN,juror-2,3.5
DN,interstellar,5.0
DN,the-apprentice-2024,3.5
DN,carry-on-2024,2.0
DN,the-substance,4.0
DN,a-quiet-place-day-one,2.0
DN,american-fiction,4.0
DN,the-iron-claw-2023,4.0
DN,rebel-moon-part-one-a-child-of-fire,1.5
DN,the-prestige,4.0
DN,saltburn,3.5
DN,barbie,3.5
DN,parasite-2019,4.5
KH,project-hail-mary,5.0
KH,the-secret-agent-2025,4.0
KH,sinners-2025,4.0
KH,frankenstein-2025,3.0
KH,one-battle-after-another,4.5
KH,hamnet,4.5
KH,sentimental-value-2025,4.5
KH,marty-supreme,3.0
KH,one-of-them-days,4.5
KH,sorry-baby-2025,5.0
KH,flow-2024,4.0
KH,im-still-here-2024,3.5
KH,conclave,3.5
KH,the-apprentice-2024,3.0
KH,the-brutalist,4.0
KH,nickel-boys,4.5
KH,emilia-perez,2.0
KH,sing-sing-2023,4.5
KH,atropia,3.5
KH,youre-cordially-invited,2.0
KH,babygirl-2024,3.0
KH,a-complete-unknown,4.0
KH,nosferatu-2024,4.0
KH,a-different-man,3.5
KH,vanilla-2019,2.5
KH,kneecap,4.0
KH,y2k-2024,1.5
KH,carry-on-2024,2.0
KH,blitz-2024,2.5
KH,inside-out-2-2024,3.0
KH,juror-2,3.0
KH,dune-part-two,4.5
KH,thelma-2024,3.0
KH,the-hunger-games-the-ballad-of-songbirds-snakes,3.5
KH,foe-2023,2.0
KH,the-other-zoey,2.5
KH,the-holdovers,4.5
KH,scream-vi,3.5
KH,theater-camp-2023,3.5
KH,rye-lane,3.5
KH,tetris,2.5
KH,shazam-fury-of-the-gods,2.0
KH,cora-bora,2.0
KH,are-you-there-god-its-me-margaret,4.0
KH,renfield,3.0
KH,ghosted-2023,1.0
KH,john-mulaney-baby-j,4.0
KH,one-true-loves,0.5
KH,maximum-truth,1.0
KH,oppenheimer-2023,4.0
KH,barbie,4.5
KH,saltburn,3.0
KH,puppy-love-2023,1.0
KH,all-of-us-strangers,4.0
KH,daddio-2023,4.0
KH,priscilla,3.5
KH,love-at-first-sight-2023,3.0
KH,napoleon-2023,1.5
KH,a-real-pain,4.0
KH,family-switch,2.0
KH,anyone-but-you,3.0
KH,ponyboi-2024,3.0
KH,love-me-2024,2.0
KH,upgraded,2.5
KH,the-greatest-hits,2.0
KH,babes,3.5
KH,irish-wish,1.0
KH,the-fall-guy-2024,2.5
KH,abigail-2024,2.5
KH,if-2024,2.0
KH,how-to-date-billy-walsh,1.0
KH,snack-shack,3.0
KH,the-idea-of-you-2024,2.5
KH,furiosa-a-mad-max-saga,3.5
KH,atlas-2024,1.5
KH,a-family-affair-2024-1,2.0
KH,incoming-2024,2.0
KH,my-old-ass,4.5
KH,our-little-secret,1.5
KH,hot-frosty,1.0
KH,sweethearts-2024,2.5
KH,gladiator-ii,3.5
KH,taylor-tomlinson-have-it-all,4.0
KH,james-acaster-hecklers-welcome,3.0
KH,hit-man-2023,3.0
KH,the-substance,3.5
KH,wicked-2024,4.5
KH,your-monster-2024,2.5
KH,the-last-showgirl,3.5
KH,poor-things-2023,4.0
KH,bodies-bodies-bodies,3.5
KH,it-ends-with-us,2.0
KH,lisa-frankenstein,2.5
KH,deadpool-wolverine,3.0
KH,caddo-lake,3.0
KH,beetlejuice-beetlejuice,2.5
KH,will-harper,4.0
KH,a-quiet-place-day-one,3.0
KH,saturday-night-2024,4.0
KH,kinds-of-kindness,3.0
KH,twisters,3.0
KH,smile-2-2024,3.0
KH,challengers,4.0
KH,maxxxine,2.0
KH,we-live-in-time,4.0
KH,transformers-one,3.0
KH,anora,4.5
KH,what-we-do-in-the-shadows,5.0
KH,when-harry-met-sally,5.0
KH,how-to-train-your-dragon,5.0
KH,your-name,5.0
KH,about-time,5.0
KH,ex-machina-2015,5.0
KH,the-devil-wears-prada,4.0
KH,bottoms,4.0
KH,aftersun,5.0
KH,lady-bird,5.0
KH,the-dark-knight,5.0
KH,everything-everywhere-all-at-once,5.0
KH,la-la-land,5.0
KH,whiplash-2014,5.0
KH,eternal-sunshine-of-the-spotless-mind,5.0
KH,call-me-by-your-name,5.0
KH,10-things-i-hate-about-you,5.0
KH,ratatouille,5.0
KH,the-social-network,5.0
KH,jojo-rabbit,5.0
KH,past-lives,5.0
KH,harry-styles-one-night-in-manchester,0.0
KH,lorne-2026,0.0
KH,taylor-tomlinson-prodigal-daughter,0.0
KH,seekers-of-infinite-love,0.0
KH,one-last-adventure-the-making-of-stranger,0.0
KH,marcello-hernandez-american-boy,0.0
KH,the-musical-2026,0.0
KH,leviticus-2026,0.0
KH,the-incomer,0.0
KH,stop-that-train,0.0
KH,extra-geography,0.0
KH,wishful-thinking-2026,0.0
KH,pizza-movie-2026,0.0
KH,brian-2026,0.0
KH,how-to-lose-a-popularity-contest,0.0
KH,fing,0.0
KH,snl50-the-anniversary-special-2025,0.0
KH,the-moment-2026,0.0
KH,mountainhead,0.0
KH,the-testament-of-ann-lee,0.0
KH,over-your-dead-body-2026,0.0
KH,f-marry-kill,0.0
KH,the-odyssey-2026,0.0
KH,the-housemaid-2025,0.0
KH,reminders-of-him,0.0
KH,office-romance-2026,0.0
KH,maintenance-required,0.0
KH,obsession-2025,0.0
KH,oh-hi,0.0
KH,splitsville,0.0
KH,regretting-you,0.0
KH,hoppers,0.0
KH,the-drama,0.0
KH,the-wrong-paris,0.0
KH,wuthering-heights-2026,0.0
KH,the-devil-wears-prada-2,0.0
KH,the-map-that-leads-to-you,0.0
KH,my-oxford-year,0.0
KH,heart-eyes,0.0
KH,the-sheep-detectives,0.0
KH,blue-moon-2025,0.0
KH,my-fault-london,0.0
KH,the-woman-in-cabin-10,0.0
KH,the-furious,0.0
KH,the-wedding-banquet-2025,0.0
KH,bridget-jones-mad-about-the-boy,0.0
KH,the-roses-2025,0.0
KH,ready-or-not-2-here-i-come,0.0
KH,after-the-hunt-2025,0.0
KH,lurker-2025,0.0
KH,happy-gilmore-2,0.0
KH,eternity-2025-1,0.0
KH,the-life-list,0.0
KH,drop-2025,0.0
KH,caught-stealing,0.0
KH,twinless,0.0
KH,z-o-m-b-i-e-s-4-dawn-of-the-vampires,0.0
KH,together-2025,0.0
KH,train-dreams,0.0
KH,roofman,0.0
KH,friendship-2024,0.0
KH,deep-cover-2025,0.0
KH,jurassic-world-rebirth,0.0
KH,black-bag-2025,0.0
KH,the-super-mario-galaxy-movie,0.0
KH,jack-whitehall-settle-down,0.0
KH,jingle-bell-heist,0.0
KH,september-5,0.0
KH,picture-this-2025,0.0
KH,enola-holmes-3,0.0
KH,send-help,0.0
KH,bad-apples-2025,0.0
KH,black-phone-2,0.0
KH,novocaine-2025,0.0
KH,wicker,0.0
KH,exmas-2023,0.0
KH,the-wild-robot,0.0
KH,crime-101,0.0
KH,if-i-had-legs-id-kick-you,0.0
KH,taylor-swift-the-eras-tour,0.0
KH,scream-7,0.0
KH,didi-2024,0.0
KH,our-fault,0.0
KH,his-three-daughters,0.0
KH,nonnas,0.0
KH,honey-dont,0.0
KH,heretic-2024,0.0
KH,materialists,0.0
KH,a-nice-indian-boy,0.0
KH,anniversary-2025,0.0
KH,freakier-friday,0.0
KH,the-ballad-of-wallis-island,0.0
KH,good-fortune-2025,0.0
KH,28-years-later,0.0
KH,fountain-of-youth-2025,0.0
KH,the-amateur-2025,0.0
KH,how-to-train-your-dragon-2025,0.0
KH,toy-story-5,0.0
KH,companion-2025,0.0
KH,jane-austen-wrecked-my-life,0.0
KH,weapons-2025,0.0
KH,self-reliance,0.0
KH,thanksgiving-2023,0.0
KH,jay-kelly,0.0
KH,superman-2025,0.0
KH,winter-spring-summer-or-fall,0.0
KH,american-fiction,0.0
KH,the-naked-gun,0.0
KH,people-we-meet-on-vacation,0.0
KH,die-my-love,0.0
KH,strange-darling,0.0
KH,shortcomings,0.0
KH,beautiful-disaster,0.0
KH,molli-and-max-in-the-future,0.0
KH,the-bikeriders,0.0
KH,bo-burnham-the-inside-outtakes,0.0
KH,you-are-so-not-invited-to-my-bat-mitzvah,0.0
KH,humanist-vampire-seeking-consenting-suicidal-person,0.0
KH,thunderbolts,0.0
KH,gran-turismo,0.0
KH,polite-society,0.0
KH,elemental-2023,0.0
KH,totally-killer,0.0
KH,another-simple-favor,0.0
KH,spider-man-brand-new-day,0.0
KH,wicked-for-good,0.0
KH,ghostbusters-frozen-empire,0.0
KH,air-2023,0.0
KH,nimona-2023,0.0
KH,drive-away-dolls,0.0
KH,the-gorge-2025,0.0
KH,80-for-brady,0.0
KH,heathers-the-musical-1,0.0
KH,christmas-with-you,0.0
KH,love-in-the-villa,0.0
KH,prom-pact,0.0
KH,red-white-royal-blue,0.0
KH,weird-the-al-yankovic-story-2022,0.0
KH,the-beanie-bubble,0.0
KH,the-out-laws,0.0
KH,i-used-to-be-funny,0.0
KH,something-from-tiffanys,0.0
KH,anatomy-of-a-fall,0.0
KH,f1,0.0
KH,fair-play-2023,0.0
KH,violent-night,0.0
KH,nyad,0.0
KH,book-of-love-2022,0.0
KH,you-hurt-my-feelings-2023,0.0
KH,no-hard-feelings-2023,0.0
KH,teen-wolf-the-movie,0.0
KH,peaky-blinders-the-immortal-man,0.0
KH,squid-game,0.0
KH,somebody-i-used-to-know,0.0
KH,your-christmas-or-mine,0.0
KH,joy-ride-2023,0.0
KH,dont-make-me-go,0.0
KH,fire-island-2022,0.0
KH,players-2024,0.0
KH,blink-twice,0.0
KH,may-december,0.0
KH,not-okay,0.0
KH,she-said-2022,0.0
KH,la-chimera,0.0
KH,falling-for-christmas,0.0
KH,the-invitation-2022-1,0.0
KH,enola-holmes-2,0.0
KH,about-fate,0.0
KH,bo-burnham-inside,0.0
KH,captain-america-brave-new-world,0.0
KH,persuasion-2022,0.0
KH,after-everything-2023,0.0
KH,my-best-friends-exorcism,0.0
KH,wake-up-dead-man,0.0
KH,look-both-ways-2022,0.0
KH,kpop-demon-hunters,0.0
KH,the-people-we-hate-at-the-wedding,0.0
KH,ticket-to-paradise-2022,0.0
KH,senior-year-2022,0.0
KH,whats-love-got-to-do-with-it-2022,0.0
KH,the-killer-2023,0.0
KH,the-outfit-2022,0.0
KH,better-man-2024,0.0
KH,luckiest-girl-alive,0.0
KH,the-running-man-2025,0.0
KH,beau-is-afraid,0.0
KH,dumb-money,0.0
KH,fingernails,0.0
KH,wonka,0.0
KH,fresh-2022,0.0
KH,the-school-for-good-and-evil,0.0
KH,coda-2021,0.0
KH,moonshot,0.0
KH,damsel-2024,0.0
KH,do-revenge,0.0
KH,nope,0.0
KH,drive-my-car,0.0
KH,the-black-phone,0.0
KH,mrs-harris-goes-to-paris,0.0
KH,loki-2021,0.0
KH,wandavision,0.0
KH,heads-of-state,0.0
KH,asteroid-city,0.0
KH,the-queens-gambit,0.0
KH,hello-goodbye-and-everything-in-between,0.0
KH,love-in-taipei,0.0
KH,nightbitch,0.0
KH,the-gray-man-2022,0.0
KH,the-woman-king,0.0
KH,bullet-train,0.0
KH,licorice-pizza,0.0
KH,mr-malcolms-list-2022,0.0
KH,spencer-2021,0.0
KH,your-place-or-mine-2023,0.0
KH,bugonia,0.0
KH,the-adam-project,0.0
KH,cold-storage-2026,0.0
KH,mickey-17,0.0
KH,vengeance-2022,0.0
KH,i-want-you-back,0.0
KH,the-banshees-of-inisherin,0.0
KH,mean-girls-2024,0.0
KH,transformers-rise-of-the-beasts,0.0
KH,shiva-baby-2020,0.0
KH,glass-onion,0.0
KH,the-worst-person-in-the-world,0.0
KH,the-unbearable-weight-of-massive-talent,0.0
KH,dont-look-up-2021,0.0
KH,scream-2022,0.0
KH,house-of-gucci,0.0
KH,hocus-pocus-2,0.0
KH,am-i-ok,0.0
KH,ant-man-and-the-wasp-quantumania,0.0
KH,murder-mystery-2,0.0
KH,spider-man-no-way-home,0.0
KH,madame-web,0.0
KH,spirited,0.0
KH,dont-worry-darling,0.0
KH,the-fantastic-4-first-steps,0.0
KH,thor-love-and-thunder,0.0
KH,babylon-2022,0.0
KH,minari,0.0
KH,teenage-mutant-ninja-turtles-mutant-mayhem,0.0
KH,bros,0.0
KH,voicemails-for-isabelle,0.0
KH,mank,0.0
KH,the-marvels,0.0
KH,straight-up,0.0
KH,john-wick-chapter-4,0.0
KH,i-care-a-lot,0.0
KH,the-power-of-the-dog,0.0
KH,z-o-m-b-i-e-s-2,0.0
KH,nightmare-alley-2021,0.0
KH,causeway,0.0
KH,the-menu-2022,0.0
KH,palm-springs-2020,0.0
KH,judas-and-the-black-messiah,0.0
KH,promising-young-woman,0.0
KH,nomadland,0.0
KH,tenet,0.0
KH,last-night-in-soho,0.0
KH,mission-impossible-the-final-reckoning,0.0
KH,mission-impossible-dead-reckoning,0.0
KH,the-invisible-man-2020,0.0
KH,spider-man-across-the-spider-verse,0.0
KH,encanto,0.0
KH,ready-or-not-2019,0.0
KH,shang-chi-and-the-legend-of-the-ten-rings,0.0
KH,the-farewell-2019,0.0
KH,the-color-purple-2023,0.0
KH,the-trial-of-the-chicago-7,0.0
KH,hamilton-2020,0.0
KH,emma-2020,0.0
KH,the-lost-daughter-2021,0.0
KH,free-guy,0.0
KH,knives-out-2019,0.0
KH,ballerina-2025,0.0
KH,tick-tick-boom-2021,0.0
KH,tron-ares,0.0
KH,1917,0.0
KH,midsommar,0.0
KH,raya-and-the-last-dragon,0.0
KH,eternals,0.0
KH,the-355,0.0
KH,west-side-story-2021,0.0
KH,turning-red,0.0
KH,soul-2020,0.0
KH,onward-2020,0.0
KH,jurassic-world-dominion,0.0
KH,five-nights-at-freddys,0.0
KH,black-panther-wakanda-forever,0.0
KH,booksmart,0.0
KH,death-on-the-nile-2022,0.0
KH,rocketman-2019,0.0
KH,the-lighthouse-2019,0.0
KH,sound-of-metal,0.0
KH,the-mitchells-vs-the-machines,0.0
KH,black-widow-2021,0.0
KH,parasite-2019,0.0
KH,birds-of-prey-and-the-fantabulous-emancipation-of-one-harley-quinn,0.0
KH,hereditary,0.0
KH,dungeons-dragons-honor-among-thieves,0.0
KH,marriage-story-2019,0.0
KH,green-book,0.0
KH,eighth-grade,0.0
KH,blackkklansman,0.0
KH,a-simple-favor,0.0
KH,joker-2019,0.0
KH,it-chapter-two,0.0
KH,uncut-gems,0.0
KH,how-to-make-a-killing-2026,0.0
KH,killers-of-the-flower-moon,0.0
KH,to-all-the-boys-ive-loved-before,0.0
KH,once-upon-a-time-in-hollywood,0.0
KH,wonder-woman-1984,0.0
KH,us-2019,0.0
KH,crazy-rich-asians,0.0
KH,doctor-strange-in-the-multiverse-of-madness,0.0
KH,beautiful-boy-2018,0.0
KH,glass-2019,0.0
KH,love-simon,0.0
KH,guardians-of-the-galaxy-vol-3,0.0
KH,a-quiet-place-2018,0.0
KH,pokemon-detective-pikachu,0.0
KH,the-little-mermaid-2023,0.0
KH,snow-white-2025,0.0
KH,game-night,0.0
KH,dune-2021,0.0
KH,mid90s,0.0
KH,the-suicide-squad,0.0
KH,spider-man-far-from-home,0.0
KH,roma-2018,0.0
KH,now-you-see-me-now-you-dont-2025,0.0
KH,sorry-to-bother-you,0.0
KH,bohemian-rhapsody,0.0
KH,chip-n-dale-rescue-rangers,0.0
KH,the-lion-king-2019,0.0
KH,get-out-2017,0.0
KH,the-batman,0.0
KH,bird-box,0.0
KH,oceans-eight,0.0
KH,phantom-thread,0.0
KH,godzilla-vs-kong,0.0
KH,the-shape-of-water,0.0
KH,the-irishman-2019,0.0
KH,i-tonya,0.0
KH,fast-x,0.0
KH,f9,0.0
KH,fast-furious-presents-hobbs-shaw,0.0
KH,deadpool-2,0.0
KH,split-2016,0.0
KH,hidden-figures,0.0
KH,moonlight-2016,0.0
KH,the-edge-of-seventeen,0.0
KH,the-favourite,0.0
KH,dunkirk-2017,0.0
KH,the-love-witch,0.0
KH,the-disaster-artist,0.0
KH,hunt-for-the-wilderpeople,0.0
KH,no-time-to-die-2021,0.0
KH,first-man,0.0
KH,sully,0.0
KH,ant-man-and-the-wasp,0.0
KH,top-gun-maverick,0.0
KH,three-billboards-outside-ebbing-missouri,0.0
KH,ford-v-ferrari,0.0
KH,coco-2017,0.0
KH,jumanji-welcome-to-the-jungle,0.0
KH,mission-impossible-fallout,0.0
KH,solo-a-star-wars-story,0.0
KH,paddington-2,0.0
KH,it-2017,0.0
KH,kingsman-the-golden-circle,0.0
KH,popstar-never-stop-never-stopping,0.0
KH,nocturnal-animals,0.0
KH,baby-driver,0.0
KH,disenchanted,0.0
KH,fantastic-beasts-the-crimes-of-grindelwald,0.0
KH,cruella,0.0
KH,the-fate-of-the-furious,0.0
KH,blade-runner-2049,0.0
KH,venom-2018,0.0
KH,indiana-jones-and-the-dial-of-destiny,0.0
KH,manchester-by-the-sea,0.0
KH,10-cloverfield-lane,0.0
KH,ready-player-one,0.0
KH,a-star-is-born-2018,0.0
KH,little-women-2019,0.0
KH,rogue-one-a-star-wars-story,0.0
KH,frozen-2,0.0
KH,arrival-2016,0.0
KH,spider-man-into-the-spider-verse,0.0
KH,beauty-and-the-beast-2017,0.0
KH,the-big-short,0.0
KH,the-greatest-showman,0.0
KH,spider-man-homecoming,0.0
KH,spotlight,0.0
KH,me-and-earl-and-the-dying-girl,0.0
KH,the-accountant-2016,0.0
KH,toy-story-4,0.0
KH,annihilation,0.0
KH,captain-marvel,0.0
KH,avengers-infinity-war,0.0
KH,avengers-endgame,0.0
KH,the-flash,0.0
KH,aquaman-2018,0.0
KH,wonder-woman-2017,0.0
KH,suicide-squad-2016,0.0
KH,deadpool,0.0
KH,kong-skull-island,0.0
KH,the-nice-guys,0.0
KH,shazam,0.0
KH,black-panther,0.0
KH,thor-ragnarok,0.0
KH,guardians-of-the-galaxy-vol-2,0.0
KH,the-revenant-2015,0.0
KH,moana-2016,0.0
KH,captain-america-civil-war,0.0
KH,zootopia,0.0
KH,the-theory-of-everything-2014,0.0
KH,room-2015,0.0
KH,logan-2017,0.0
KH,incredibles-2,0.0
KH,fantastic-beasts-and-where-to-find-them,0.0
KH,x-men-apocalypse,0.0
KH,nightcrawler,0.0
KH,gone-girl,0.0
KH,kingsman-the-secret-service,0.0
KH,the-imitation-game,0.0
KH,the-maze-runner,0.0
KH,22-jump-street,0.0
KH,star-wars-the-last-jedi,0.0
KH,star-wars-the-rise-of-skywalker,0.0
KH,big-hero-6,0.0
KH,american-hustle,0.0
KH,interstellar,0.0
KH,her,0.0
KH,inside-out-2015,0.0
KH,star-wars-the-force-awakens,0.0
KH,the-lego-movie,0.0
KH,edge-of-tomorrow,0.0
KH,jurassic-world,0.0
KH,the-hunger-games-mockingjay-part-1,0.0
KH,the-hunger-games-mockingjay-part-2,0.0
KH,x-men-days-of-future-past,0.0
KH,finding-dory,0.0
KH,the-hobbit-the-battle-of-the-five-armies,0.0
KH,frances-ha,0.0
KH,the-grand-budapest-hotel,0.0
KH,guardians-of-the-galaxy,0.0
KH,paddington,0.0
KH,pitch-perfect,0.0
KH,frozen-2013,0.0
KH,this-is-the-end,0.0
KH,the-wolf-of-wall-street,0.0
KH,ant-man,0.0
KH,the-amazing-spider-man-2,0.0
KH,the-hunger-games-catching-fire,0.0
KH,captain-america-the-winter-soldier,0.0
KH,avengers-age-of-ultron,0.0
KH,the-perks-of-being-a-wallflower,0.0
KH,moonrise-kingdom,0.0
KH,wreck-it-ralph,0.0
KH,silver-linings-playbook,0.0
KH,les-miserables-2012,0.0
KH,avatar-the-way-of-water,0.0
KH,thor-the-dark-world,0.0
KH,mad-max-fury-road,0.0
KH,now-you-see-me,0.0
KH,the-hunger-games,0.0
KH,prometheus,0.0
KH,iron-man-3,0.0
KH,pirates-of-the-caribbean-dead-mans-chest,0.0
KH,american-history-x,0.0
KH,memento,0.0
KH,blade-runner,0.0
KH,raiders-of-the-lost-ark,0.0
KH,indiana-jones-and-the-temple-of-doom,0.0
KH,indiana-jones-and-the-last-crusade,0.0
KH,gladiator-2000,0.0
KH,run-lola-run,0.0
KH,back-to-the-future,0.0
KH,the-big-lebowski,0.0
KH,charlie-and-the-chocolate-factory,0.0
KH,the-lord-of-the-rings-the-fellowship-of-the-ring,0.0
KH,the-lord-of-the-rings-the-two-towers,0.0
KH,the-lord-of-the-rings-the-return-of-the-king,0.0
KH,spirited-away,0.0
KH,groundhog-day,0.0
KH,lost-in-translation,0.0
KH,oceans-eleven-2001,0.0
KH,back-to-the-future-part-ii,0.0
KH,amelie,0.0
KH,dead-poets-society,0.0
KH,stand-by-me,0.0
KH,the-godfather,0.0
KH,batman-begins,0.0
KH,fargo,0.0
KH,the-shawshank-redemption,0.0
KH,pirates-of-the-caribbean-at-worlds-end,0.0
KH,casablanca,0.0
KH,jurassic-park,0.0
KH,12-angry-men,0.0
KH,ice-age,0.0
KH,vertigo,0.0
KH,romeo-juliet-1996,0.0
KH,good-will-hunting,0.0
KH,love-actually,0.0
KH,notting-hill,0.0
KH,one-flew-over-the-cuckoos-nest,0.0
KH,psycho,0.0
KH,fight-club,0.0
KH,spider-man,0.0
KH,spider-man-2,0.0
KH,spider-man-3,0.0
KH,die-hard,0.0
KH,rear-window,0.0
KH,monsters-inc,0.0
KH,big-fish,0.0
KH,titanic-1997,0.0
KH,et-the-extra-terrestrial,0.0
KH,independence-day,0.0
KH,the-matrix,0.0
KH,men-in-black,0.0
KH,grease,0.0
KH,the-wizard-of-oz-1939,0.0
KH,life-is-beautiful,0.0
KH,catch-me-if-you-can-2002,0.0
KH,requiem-for-a-dream,0.0
KH,harry-potter-and-the-philosophers-stone,0.0
KH,harry-potter-and-the-chamber-of-secrets,0.0
KH,harry-potter-and-the-prisoner-of-azkaban,0.0
KH,harry-potter-and-the-goblet-of-fire,0.0
KH,harry-potter-and-the-order-of-the-phoenix,0.0
KH,pulp-fiction,0.0
KH,top-gun,0.0
KH,the-sixth-sense,0.0
KH,harry-potter-and-the-half-blood-prince,0.0
KH,goodfellas,0.0
KH,home-alone,0.0
KH,little-miss-sunshine,0.0
KH,almost-famous,0.0
KH,mr-mrs-smith-2005,0.0
KH,shrek,0.0
KH,shrek-2,0.0
KH,aladdin,0.0
KH,airplane,0.0
KH,moulin-rouge-2001,0.0
KH,the-mask-1994,0.0
KH,saving-private-ryan,0.0
KH,toy-story,0.0
KH,toy-story-2,0.0
KH,singin-in-the-rain,0.0
KH,cars,0.0
KH,madagascar,0.0
KH,mission-impossible,0.0
KH,mission-impossible-ii,0.0
KH,the-philadelphia-story,0.0
KH,the-prestige,0.0
KH,rocky,0.0
KH,the-pursuit-of-happyness,0.0
KH,the-departed,0.0
KH,school-of-rock,0.0
KH,its-a-wonderful-life,0.0
KH,night-at-the-museum,0.0
KH,misery,0.0
KH,iron-man-2008,0.0
KH,captain-america-the-first-avenger,0.0
KH,marie-antoinette-2006,0.0
KH,the-empire-strikes-back,0.0
KH,return-of-the-jedi,0.0
KH,star-wars-episode-i-the-phantom-menace,0.0
KH,star-wars-episode-ii-attack-of-the-clones,0.0
KH,star-wars-episode-iii-revenge-of-the-sith,0.0
KH,sweet-november,0.0
KH,the-amazing-spider-man,0.0
KH,zodiac,0.0
KH,the-breakfast-club,0.0
KH,death-at-a-funeral,0.0
KH,the-princess-bride,0.0
KH,the-bourne-identity-2002,0.0
KH,heathers,0.0
KH,batman-1966,0.0
KH,pierrot-le-fou,0.0
KH,corpse-bride,0.0
KH,beetlejuice,0.0
KH,scream,0.0
KH,atonement,0.0
KH,pride-prejudice,0.0
KH,the-curious-case-of-benjamin-button,0.0
KH,howls-moving-castle,0.0
KH,burn-after-reading,0.0
KH,boogie-nights,0.0
KH,kiss-kiss-bang-bang-2005,0.0
KH,the-umbrellas-of-cherbourg,0.0
KH,the-witches-of-eastwick,0.0
KH,i-am-legend,0.0
KH,sabrina,0.0
KH,juno,0.0
KH,punch-drunk-love,0.0
KH,in-bruges,0.0
KH,cast-away,0.0
KH,superbad,0.0
KH,the-lion-king,0.0
KH,legally-blonde,0.0
KH,jumanji,0.0
KH,twilight-2008,0.0
KH,only-you-1994,0.0
KH,ferris-buellers-day-off,0.0
KH,the-nightmare-before-christmas,0.0
KH,a-bugs-life,0.0
KH,dazed-and-confused,0.0
KH,clueless,0.0
KH,the-incredibles,0.0
KH,the-princess-diaries,0.0
KH,beauty-and-the-beast-1991,0.0
KH,13-going-on-30-3,0.0
KH,iron-man-2,0.0
KH,the-little-mermaid,0.0
KH,toy-story-3,0.0
KH,thor,0.0
KH,fantastic-mr-fox,0.0
KH,sherlock-holmes-2009,0.0
KH,mean-girls,0.0
KH,mulan,0.0
KH,elf,0.0
KH,down-with-love,0.0
KH,matilda,0.0
KH,the-notebook,0.0
KH,shutter-island,0.0
KH,lilo-stitch,0.0
KH,st-elmos-fire,0.0
KH,mamma-mia,0.0
KH,the-emperors-new-groove,0.0
KH,sabrina-1995,0.0
KH,hercules-1997,0.0
KH,alice-in-wonderland-2010,0.0
KH,slumdog-millionaire,0.0
KH,ponyo,0.0
KH,harry-potter-and-the-deathly-hallows-part-1,0.0
KH,harry-potter-and-the-deathly-hallows-part-2,0.0
KH,someone-like-you,0.0
KH,watchmen,0.0
KH,angels-demons,0.0
KH,shattered-glass,0.0
KH,up,0.0
KH,somewhere-in-time,0.0
KH,all-that-jazz,0.0
KH,inglourious-basterds,0.0
KH,district-9,0.0
KH,the-twilight-saga-new-moon,0.0
KH,the-hangover,0.0
KH,zombieland,0.0
KH,500-days-of-summer,0.0
KH,jennifers-body,0.0
KH,avatar,0.0
KH,despicable-me,0.0
KH,scott-pilgrim-vs-the-world,0.0
KH,kick-ass,0.0
KH,the-avengers-2012,0.0
KH,inception,0.0
KH,x-men,0.0
KH,the-truman-show,0.0
KH,easy-a,0.0
KH,megamind,0.0
KH,tangled-2010,0.0
KH,hugo,0.0
KH,the-dark-knight-rises,0.0
KH,the-hobbit-an-unexpected-journey,0.0
KH,x-men-first-class,0.0
KH,crazy-stupid-love,0.0
KH,mission-impossible-ghost-protocol,0.0
KH,the-hobbit-the-desolation-of-smaug,0.0
KH,looper,0.0
KH,ghostbusters,0.0
KH,monsters-university,0.0
KH,star-wars,0.0
KH,finding-nemo,0.0
KH,forrest-gump,0.0
KH,pirates-of-the-caribbean-the-curse-of-the-black-pearl,0.0
KH,the-great-gatsby-2013,0.0
KH,21-jump-street,0.0
KH,drive-2011,0.0
MF,the-shawshank-redemption,4.0
MF,fast-furious-6,3.0
MF,a-few-good-men,4.5
MF,stand-by-me,4.0
MF,whip-it,3.0
MF,tony-2026,3.5
MF,jane-2017-1,4.0
MF,the-princess-bride,4.5
MF,thelma-louise,4.5
MF,good-time,3.5
MF,uncut-gems,4.0
MF,once,5.0
MF,obsession-2025,4.0
MF,american-gangster,4.0
MF,the-odyssey-2026,5.0
MF,the-odyssey,2.5
MF,the-wind-rises,2.5
MF,the-secret-world-of-arrietty,4.0
MF,o-brother-where-art-thou,3.5
MF,the-sheep-detectives,4.0
MF,august-osage-county,3.0
MF,burn-after-reading,4.0
MF,casino-royale-2006,3.5
MF,pretty-woman,4.0
MF,moonrise-kingdom,3.5
MF,nobody-knows,3.5
MF,backrooms-2026,3.5
MF,scarface-1983,4.0
MF,the-squid-and-the-whale,3.5
MF,look-back-2024,3.0
MF,close-2022,3.0
MF,monster-2023,4.5
MF,blue-heron,5.0
MF,mistress-america,3.0
MF,the-remains-of-the-day,4.0
MF,never-let-me-go-2010,3.5
MF,sense-and-sensibility,4.0
MF,one-day-2011,3.5
MF,twisters,3.5
MF,the-last-five-years,2.0
MF,enemy,3.5
MF,her,4.5
MF,idiocracy,3.0
MF,sicario-2015,3.5
MF,memoirs-of-a-geisha,2.0
MF,the-devil-wears-prada-2,2.5
MF,the-devil-wears-prada,4.0
MF,when-harry-met-sally,4.5
MF,blade-runner-2049,4.0
MF,noah-kahan-out-of-body,3.5
MF,the-end-of-the-tour,3.5
MF,apocalypse-now,4.5
MF,erupcja,4.0
MF,half-nelson,1.5
MF,hamlet-2025,4.0
MF,blade-runner,2.0
MF,blood-diamond,3.0
MF,daughters,5.0
MF,the-drama,3.5
MF,obvious-child,4.0
MF,weathering-with-you,3.5
MF,perfect-blue,3.0
MF,songs-my-brothers-taught-me,3.5
MF,blue-valentine,3.5
MF,your-name,5.0
MF,is-this-thing-on-2025,4.0
MF,columbus-2017,5.0
MF,the-rider,4.0
MF,prisoners,4.0
MF,jane-austen-wrecked-my-life,3.0
MF,the-place-beyond-the-pines,3.5
MF,project-hail-mary,3.5
MF,the-town,3.5
MF,the-ugly-stepsister,2.0
MF,all-the-empty-rooms,4.0
MF,weapons-2025,2.5
MF,the-voice-of-hind-rajab,3.5
MF,wuthering-heights-2026,2.5
MF,diane-warren-relentless,3.0
MF,armed-only-with-a-camera-the-life-and-death,3.0
MF,zootopia-2,3.0
MF,jurassic-park,4.5
MF,kokuho,4.0
MF,children-no-more-were-and-are-gone,4.0
MF,perfectly-a-strangeness,2.0
MF,cutting-through-rocks,4.0
MF,retirement-plan,4.5
MF,the-girl-who-cried-pearls,2.5
MF,butterfly-2024-1,4.5
MF,forevergreen,4.0
MF,the-three-sisters-2024,2.0
MF,eiru,3.5
MF,butchers-stain,3.0
MF,two-people-exchanging-saliva,3.0
MF,a-friend-of-dorothy-2025,2.5
MF,the-singers-2025,3.0
MF,jane-austens-period-drama,3.5
MF,sirat-2025,2.5
MF,the-devil-is-busy,4.0
MF,the-lost-bus,3.0
MF,the-alabama-solution,5.0
MF,the-moment-2026,4.0
MF,viva-verdi,3.5
MF,blue-moon-2025,2.5
MF,little-amelie-or-the-character-of-rain,2.5
MF,arco,4.0
MF,pillion-2025,4.5
MF,mr-nobody-against-putin,3.5
MF,elio,2.0
MF,the-smashing-machine-2025,1.5
MF,the-testament-of-ann-lee,4.0
MF,jurassic-world-rebirth,2.5
MF,come-see-me-in-the-good-light,4.0
MF,it-was-just-an-accident,3.5
MF,avatar-fire-and-ash,3.0
MF,the-perfect-neighbour,4.5
MF,jay-kelly,2.5
MF,the-life-of-chuck,2.5
MF,song-sung-blue-2025,3.0
MF,people-we-meet-on-vacation,3.5
MF,no-other-choice-2025,4.5
MF,if-i-had-legs-id-kick-you,3.5
MF,f1,4.0
MF,knives-out-2019,4.5
MF,how-to-train-your-dragon-2025,3.5
MF,marty-supreme,4.5
MF,the-muppet-christmas-carol,4.5
MF,a-nonsense-christmas-with-sabrina-carpenter,3.5
MF,the-polar-express,2.5
MF,spirited,3.5
MF,a-charlie-brown-christmas,4.5
MF,the-secret-agent-2025,2.5
MF,one-battle-after-another,4.5
MF,splitsville,3.0
MF,wake-up-dead-man,4.5
MF,harry-potter-and-the-deathly-hallows-part-2,4.0
MF,train-dreams,3.5
MF,twinless,4.0
MF,harry-potter-and-the-deathly-hallows-part-1,4.0
MF,the-phoenician-scheme,3.0
MF,harry-potter-and-the-half-blood-prince,2.5
MF,harry-potter-and-the-order-of-the-phoenix,2.5
MF,superman-2025,3.0
MF,harry-potter-and-the-goblet-of-fire,3.5
MF,kpop-demon-hunters,3.5
MF,eternity-2025-1,4.0
MF,rental-family-2025,3.0
MF,sentimental-value-2025,4.0
MF,a-house-of-dynamite,3.0
MF,wicked-for-good,4.0
MF,warfare,4.0
MF,hamnet,4.5
MF,pans-labyrinth,3.5
MF,frankenstein-2025,4.0
MF,mickey-17,2.5
MF,harry-potter-and-the-chamber-of-secrets,4.5
MF,harry-potter-and-the-philosophers-stone,5.0
MF,lady-bird,5.0
MF,bugonia,3.5
MF,poor-things-2023,3.5
MF,practical-magic,5.0
MF,eddington,3.5
MF,roofman,4.0
MF,stepmom,2.5
MF,sorry-baby-2025,4.5
MF,youve-got-mail,4.5
MF,must-love-dogs,2.5
MF,creed,5.0
MF,shakespeare-in-love,4.5
MF,the-dark-knight-rises,4.5
MF,batman-begins,4.0
MF,arrival-2016,4.5
MF,raising-arizona,3.5
MF,invincible-2022,4.0
MF,sideways,4.5
MF,the-big-lebowski,4.0
MF,best-in-show,3.0
MF,the-sound-of-music,4.5
MF,the-graduate,4.0
MF,fargo,4.5
MF,before-midnight,3.0
MF,freaky-friday-2003,3.5
MF,waitress,3.0
MF,the-naked-gun,4.0
MF,almost-famous,3.0
MF,mamma-mia,5.0
MF,brokeback-mountain,5.0
MF,fast-five,4.0
MF,materialists,4.0
MF,the-fast-and-the-furious-2001,3.5
MF,fast-furious,3.0
MF,black-bag-2025,3.0
MF,rosaline,4.0
MF,the-fast-and-the-furious-tokyo-drift,2.0
MF,the-wolf-of-wall-street,3.0
MF,2-fast-2-furious,2.0
MF,girl-interrupted,3.5
MF,crouching-tiger-hidden-dragon,4.0
MF,children-of-men,4.5
MF,8-mile,4.0
MF,shutter-island,3.0
MF,chicago,2.5
MF,sinners-2025,4.5
MF,erin-brockovich,4.5
MF,my-old-ass,4.0
MF,dating-amber,4.5
MF,yuck,4.0
MF,wander-to-wonder,3.0
MF,in-the-shadow-of-the-cypress,4.0
MF,beautiful-men-2023,3.5
MF,i-am-ready-warden,4.0
MF,instruments-of-a-beating-heart,3.5
MF,black-box-diaries,4.5
MF,incident-2023,4.0
MF,im-not-a-robot-2023,3.5
MF,better-man-2024,3.5
MF,september-5,3.5
MF,the-seed-of-the-sacred-fig,4.0
MF,elton-john-never-too-late,3.5
MF,porcelain-war,4.5
MF,the-girl-with-the-needle,1.0
MF,soundtrack-to-a-coup-detat,3.5
MF,no-other-land,4.5
MF,one-of-them-days,3.5
MF,alien-romulus,2.5
MF,maria-2024,3.5
MF,sing-sing-2023,5.0
MF,a-lien,4.0
MF,the-only-girl-in-the-orchestra,3.0
MF,sugarcane,4.0
MF,anuja,3.5
MF,anora,5.0
MF,the-six-triple-eight-2024,3.0
MF,a-different-man,3.5
MF,the-substance,3.5
MF,i-saw-the-tv-glow,2.5
MF,im-still-here-2024,4.5
MF,kneecap,4.0
MF,nosferatu-2024,4.0
MF,nickel-boys,3.5
MF,flow-2024,3.5
MF,joker-folie-a-deux,2.0
MF,the-brutalist,4.5
MF,memoir-of-a-snail,4.0
MF,the-outrun,4.0
MF,wallace-gromit-vengeance-most-fowl,3.5
MF,wicked-2024,5.0
MF,blitz-2024,2.5
MF,a-complete-unknown,3.5
MF,the-lighthouse-2019,2.5
MF,the-apprentice-2024,3.5
MF,inside-out-2-2024,3.0
MF,thelma-2024,4.0
MF,the-kacey-musgraves-christmas-show,4.0
MF,elf,5.0
MF,how-the-grinch-stole-christmas,4.0
MF,rent,4.0
MF,queer-2024,1.5
MF,didi-2024,4.0
MF,emilia-perez,2.5
MF,gladiator-ii,3.5
MF,the-wizard-of-oz-1939,4.5
MF,theater-camp-2023,4.0
MF,in-bruges,4.0
MF,conclave,3.5
MF,a-real-pain,4.0
MF,the-wild-robot,4.5
MF,we-live-in-time,3.5
MF,bros,2.5
MF,anyone-but-you,2.0
MF,kingdom-of-the-planet-of-the-apes,4.0
MF,civil-war-2024,4.0
MF,before-sunrise,4.0
MF,before-sunset,4.5
MF,10-things-i-hate-about-you,5.0
MF,shes-the-man,4.0
MF,brave-2012,3.0
MF,bottoms,2.5
MF,the-40-year-old-virgin,3.0
MF,inside-out-2015,4.0
MF,spirit-stallion-of-the-cimarron,4.0
MF,the-fall-guy-2024,3.0
MF,hit-man-2023,3.0
MF,furiosa-a-mad-max-saga,4.0
MF,the-matrix,4.0
MF,mad-max-fury-road,4.0
MF,challengers,4.0
MF,eternal-sunshine-of-the-spotless-mind,2.5
MF,atonement,3.5
MF,the-idea-of-you-2024,2.5
MF,nightcrawler,3.0
MF,marie-antoinette-2006,3.5
MF,mad-max,1.5
MF,mad-max-2,2.5
MF,the-twilight-saga-breaking-dawn-part-1,2.0
MF,the-twilight-saga-breaking-dawn-part-2,2.0
MF,the-twilight-saga-eclipse,2.0
MF,the-twilight-saga-new-moon,4.0
MF,silver-linings-playbook,4.0
MF,kikis-delivery-service,3.0
MF,the-little-mermaid-2023,3.0
MF,meet-the-parents,4.0
MF,ella-enchanted,3.5
MF,my-big-fat-greek-wedding,4.0
MF,bewitched-2005,2.5
MF,somethings-gotta-give,2.5
MF,runaway-bride,3.5
MF,palm-springs-2020,4.5
MF,hairspray-2007,4.0
MF,in-the-heights,4.0
MF,last-christmas-2019,3.0
MF,dear-john,3.0
MF,no-strings-attached,3.5
MF,cinderella-2015,3.0
MF,romy-and-micheles-high-school-reunion,3.5
MF,miss-congeniality,3.0
MF,spice-world,3.0
MF,the-lizzie-mcguire-movie,3.0
MF,the-last-song,2.5
MF,friends-with-benefits,2.5
MF,bridesmaids,2.5
MF,enchanted,3.0
MF,mamma-mia-here-we-go-again,2.5
MF,27-dresses,3.0
MF,definitely-maybe,4.0
MF,the-proposal-2009,3.0
MF,love-actually,2.5
MF,a-walk-to-remember,3.0
MF,the-princess-diaries,3.5
MF,50-first-dates,3.5
MF,a-cinderella-story,3.5
MF,what-a-girl-wants,3.5
MF,the-parent-trap-1998,4.5
MF,crazy-stupid-love,4.5
MF,uptown-girls,3.0
MF,the-edge-of-seventeen,4.0
MF,13-going-on-30-3,4.0
MF,the-beguiled-2017,2.5
MF,the-holiday,5.0
MF,notting-hill,4.5
MF,bambi,4.0
MF,the-favourite,3.0
MF,booksmart,3.5
MF,summer-of-soul-or-when-the-revolution-could,3.5
MF,the-tragedy-of-macbeth,3.5
MF,spencer-2021,3.0
MF,nightmare-alley-2021,2.0
MF,west-side-story-2021,1.5
MF,the-power-of-the-dog,1.5
MF,licorice-pizza,1.5
MF,king-richard,2.5
MF,drive-my-car,2.0
MF,dont-look-up-2021,2.5
MF,coda-2021,2.5
MF,belfast,3.0
MF,night-ride-2020,2.0
MF,stranger-at-the-gate,3.0
MF,an-ostrich-told-me-the-world-is-fake-and-i-think-i-believe-it,3.5
MF,ice-merchants,4.0
MF,my-year-of-dicks,3.5
MF,the-flying-sailor,2.5
MF,the-boy-the-mole-the-fox-and-the-horse,3.5
MF,the-red-suitcase-2022,3.0
MF,le-pupille,2.0
MF,ivalu,2.5
MF,the-elephant-whisperers,4.0
MF,an-irish-goodbye,2.5
MF,the-martha-mitchell-effect,3.0
MF,how-do-you-measure-a-year,5.0
MF,haulout,2.0
MF,marcel-the-shell-with-shoes-on-2021,5.0
MF,turning-red,3.0
MF,glass-onion,3.5
MF,rrr,3.0
MF,triangle-of-sadness,1.0
MF,elvis-2022,1.0
MF,black-panther-wakanda-forever,3.0
MF,guillermo-del-toros-pinocchio,4.5
MF,the-whale-2022,2.5
MF,the-fabelmans,1.5
MF,the-banshees-of-inisherin,3.0
MF,women-talking,2.5
MF,all-quiet-on-the-western-front-2022,3.0
MF,django-unchained,3.0
MF,promising-young-woman,5.0
MF,phantom-thread,2.5
MF,i-tonya,5.0
MF,tick-tick-boom-2021,4.5
MF,sound-of-metal,5.0
MF,tar-2022,2.5
MF,birdman-or-the-unexpected-virtue-of-ignorance,4.5
MF,lost-in-translation,3.0
MF,pitch-perfect,3.0
MF,the-florida-project,3.0
MF,how-to-lose-a-guy-in-10-days,3.5
MF,clueless,3.0
MF,back-to-the-future,3.0
MF,the-truman-show,3.0
MF,how-to-train-your-dragon,4.0
MF,walle,3.0
MF,spider-man-no-way-home,3.5
MF,the-breakfast-club,3.5
MF,juno,4.5
MF,mean-girls,4.5
MF,the-lord-of-the-rings-the-two-towers,4.0
MF,jojo-rabbit,4.5
MF,beautiful-boy-2018,3.0
MF,superbad,3.5
MF,frances-ha,4.5
MF,twilight-2008,4.0
MF,the-royal-tenenbaums,3.5
MF,joker-2019,3.0
MF,the-notebook,3.5
MF,star-wars,4.0
MF,get-out-2017,4.0
MF,the-hunger-games-catching-fire,4.0
MF,500-days-of-summer,4.5
MF,harry-potter-and-the-prisoner-of-azkaban,4.0
MF,drive-2011,5.0
MF,tangled-2010,5.0
MF,moonlight-2016,4.5
MF,titanic-1997,5.0
MF,ratatouille,3.0
MF,about-time,5.0
MF,gone-girl,3.0
MF,star-wars-episode-iii-revenge-of-the-sith,3.0
MF,the-lord-of-the-rings-the-fellowship-of-the-ring,5.0
MF,the-batman,4.5
MF,forrest-gump,3.0
MF,the-empire-strikes-back,4.0
MF,the-lord-of-the-rings-the-return-of-the-king,4.0
MF,aftersun,4.5
MF,good-will-hunting,4.5
MF,the-grand-budapest-hotel,3.0
MF,black-swan,3.5
MF,inception,3.5
MF,call-me-by-your-name,5.0
MF,coraline,3.0
MF,fantastic-mr-fox,3.0
MF,the-perks-of-being-a-wallflower,3.0
MF,pride-prejudice,5.0
MF,spirited-away,3.0
MF,spider-man-into-the-spider-verse,4.5
MF,the-dark-knight,4.5
MF,parasite-2019,3.5
MF,dead-poets-society,3.5
MF,little-women-2019,5.0
MF,whiplash-2014,4.0
MF,fight-club,4.0
MF,la-la-land,4.5
MF,war-for-the-planet-of-the-apes,3.0
MF,the-talented-mr-ripley,3.5
MF,interstellar,3.5
MF,sing-street,2.0
MF,sex-and-the-city-2,2.0
MF,dawn-of-the-planet-of-the-apes,3.5
MF,rise-of-the-planet-of-the-apes,4.0
MF,ex-machina-2015,3.5
MF,sex-and-the-city,3.0
MF,knight-of-fortune,2.5
MF,the-after-2023-1,1.5
MF,the-wonderful-story-of-henry-sugar,3.0
MF,the-barber-of-little-rock,2.5
MF,island-in-between,2.5
MF,the-abcs-of-book-banning,1.0
MF,nai-nai-wai-po,4.0
MF,the-last-repair-shop,3.0
MF,letter-to-a-pig,2.0
MF,ninety-five-senses,3.0
MF,pachyderm,2.5
MF,our-uniform,3.0
MF,war-is-over-inspired-by-the-music-of-john-yoko,2.0
MF,dune-part-two,5.0
MF,may-december,3.0
MF,american-fiction,4.0
MF,dune-2021,4.5
MF,past-lives,4.5
MF,the-boy-and-the-heron,3.0
MF,the-holdovers,4.5
MF,everything-everywhere-all-at-once,4.5
MF,renaissance-a-film-by-beyonce,4.5
MF,taylor-swift-the-eras-tour,4.0
MF,anatomy-of-a-fall,3.5
MF,all-of-us-strangers,4.0
MF,spider-man-across-the-spider-verse,4.5
MF,elemental-2023,3.0
MF,no-hard-feelings-2023,3.0
MF,oppenheimer-2023,4.0
MF,barbie,5.0
MF,killers-of-the-flower-moon,4.0
MF,priscilla,4.0
MF,napoleon-2023,2.0
MF,the-hunger-games-the-ballad-of-songbirds-snakes,2.0
MF,godzilla-minus-one,4.0
MF,the-zone-of-interest,4.0
MF,the-iron-claw-2023,4.0
MF,mean-girls-2024,3.0
MF,wonka,3.0
MF,saltburn,2.0
MF,top-gun-maverick,4.0
MF,puss-in-boots-the-last-wish,3.0
MF,the-woman-king,4.0
MF,avatar-the-way-of-water,4.0
MF,the-menu-2022,2.0
MF,it-ends-with-us,0.0
MF,hamilton-2020,0.0
MF,the-big-short,0.0
MF,the-nice-guys,0.0
MF,12-years-a-slave,0.0
MF,pocahontas,0.0
MF,remember-the-titans,0.0
MF,remember-me,0.0
MF,water-for-elephants,0.0
MT,carry-on-2024,1.0
MT,wicked-2024,5.0
MT,interstellar,4.0
MT,beetlejuice-beetlejuice,3.0
MT,anora,3.5
MT,the-menu-2022,2.0
MT,dune-part-two,4.5
MT,lady-bird,3.5
MT,saltburn,2.0
MT,knives-out-2019,3.5
MT,dune-2021,5.0
MT,oppenheimer-2023,4.5
MT,barbie,5.0
NB,hope-2026,4.0
NB,amadeus,4.5
NB,the-whisper-man,2.5
NB,buddy-2026,3.5
NB,architecton-2024,2.5
NB,how-to-make-a-killing-2026,3.5
NB,the-elephant-man,4.5
NB,spider-man-brand-new-day,3.5
NB,teenage-sex-and-death-at-camp-miasma,3.0
NB,we-bury-the-dead,2.0
NB,the-sheep-detectives,3.5
NB,sorcerer,4.5
NB,tony-2026,4.5
NB,the-samurai-and-the-prisoner,4.0
NB,nirvanna-the-band-the-show-the-movie,4.5
NB,following,3.0
NB,the-odyssey-2026,5.0
NB,lee-cronins-the-mummy,2.0
NB,gail-daughtry-and-the-celebrity-sex-pass,3.5
NB,the-worst-person-in-the-world,4.5
NB,the-moment-2026,3.0
NB,the-invite-2026,4.0
NB,disclosure-day,2.5
NB,ai-artificial-intelligence,3.5
NB,paths-of-glory,4.5
NB,malcolm-x-1992,5.0
NB,when-harry-met-sally,5.0
NB,backrooms-2026,4.0
NB,close-encounters-of-the-third-kind,4.0
NB,the-conjuring-last-rites,2.0
NB,a-trip-to-the-moon,4.0
NB,your-name,5.0
NB,good-morning,4.5
NB,perfect-blue,4.0
NB,singin-in-the-rain,4.5
NB,the-legend-of-ochi,3.0
NB,death-of-a-unicorn,2.0
NB,opus-2025,2.5
NB,on-becoming-a-guinea-fowl,3.0
NB,parthenope,1.0
NB,queer-2024,2.0
NB,obsession-2025,4.5
NB,bicycle-thieves,4.5
NB,we-live-in-time,3.5
NB,the-machinist,4.0
NB,wuthering-heights-2026,2.0
NB,the-fall,4.0
NB,in-the-mood-for-love,5.0
NB,hokum,4.0
NB,full-metal-jacket,4.0
NB,city-of-god,5.0
NB,roman-holiday,4.0
NB,fantastic-mr-fox,4.5
NB,jaws,5.0
NB,jackass-45,3.5
NB,the-fall-2019,3.5
NB,birth-2004,4.5
NB,janet-planet,2.5
NB,the-christophers,4.5
NB,serpents-path,4.0
NB,chime,4.0
NB,cloud-2024,3.0
NB,the-drama,4.0
NB,thief,3.0
NB,the-exorcist-iii,4.0
NB,eternity-2025-1,4.0
NB,this-is-spinal-tap,4.0
NB,sicario-2015,5.0
NB,companion-2025,3.0
NB,my-fair-lady,2.5
NB,a-mighty-wind,3.0
NB,waiting-for-guffman,3.0
NB,project-hail-mary,4.5
NB,undertone-2025,3.0
NB,caught-by-the-tides,3.0
NB,the-smashing-machine-2025,1.5
NB,the-ugly-stepsister,3.0
NB,the-lost-bus,3.0
NB,song-sung-blue-2025,1.5
NB,arco,3.5
NB,elio,3.0
NB,armed-only-with-a-camera-the-life-and-death,3.5
NB,the-devil-is-busy,4.0
NB,retirement-plan,4.0
NB,the-perfect-neighbour,3.5
NB,blue-moon-2025,2.5
NB,good-luck-have-fun-dont-die,3.5
NB,cutting-through-rocks,4.0
NB,the-singers-2025,3.5
NB,a-friend-of-dorothy-2025,3.5
NB,jane-austens-period-drama,3.5
NB,butchers-stain,3.0
NB,children-no-more-were-and-are-gone,3.0
NB,kpop-demon-hunters,3.5
NB,sirat-2025,3.5
NB,kokuho,3.5
NB,pillion-2025,4.5
NB,mr-nobody-against-putin,3.5
NB,come-see-me-in-the-good-light,3.5
NB,viva-verdi,2.5
NB,the-voice-of-hind-rajab,3.0
NB,diane-warren-relentless,3.0
NB,the-alabama-solution,4.5
NB,little-amelie-or-the-character-of-rain,3.0
NB,zodiac,4.5
NB,send-help,3.5
NB,zootopia-2,3.5
NB,kiss-kiss-bang-bang-2005,4.0
NB,all-the-empty-rooms,4.0
NB,y-tu-mama-tambien,4.0
NB,two-people-exchanging-saliva,3.0
NB,the-girl-who-cried-pearls,2.5
NB,butterfly-2024-1,4.0
NB,the-three-sisters-2024,2.0
NB,forevergreen,3.5
NB,perfectly-a-strangeness,2.0
NB,titanic-1997,5.0
NB,the-fabulous-baron-munchausen,4.0
NB,28-years-later-the-bone-temple,4.5
NB,haxan,4.0
NB,red-beard,5.0
NB,lady-vengeance,4.0
NB,ikiru,4.5
NB,apocalypse-now,5.0
NB,godzilla,4.0
NB,grey-gardens,4.0
NB,sympathy-for-mr-vengeance,4.0
NB,avatar-fire-and-ash,3.5
NB,the-testament-of-ann-lee,3.0
NB,the-lord-of-the-rings-the-war-of-the-rohirrim,3.0
NB,jay-kelly,2.0
NB,marty-supreme,5.0
NB,is-this-thing-on-2025,3.5
NB,the-mastermind-2025,3.5
NB,showing-up-2022,3.0
NB,wake-up-dead-man,4.0
NB,the-secret-agent-2025,4.0
NB,die-hard,4.0
NB,splitsville,3.0
NB,wicked-for-good,2.5
NB,train-dreams,4.0
NB,hit-man-2023,3.0
NB,now-you-see-me-2,2.5
NB,no-other-choice-2025,5.0
NB,sentimental-value-2025,4.5
NB,hamnet,4.5
NB,predators,3.0
NB,the-running-man-2025,3.0
NB,harakiri,5.0
NB,seven-samurai,5.0
NB,hot-fuzz,4.0
NB,the-predator,1.0
NB,predator-badlands,4.0
NB,predator-killer-of-killers,4.0
NB,aliens-vs-predator-requiem,0.5
NB,prey-2022,4.0
NB,predator-2,2.5
NB,predator,4.0
NB,die-my-love,3.0
NB,warfare,4.0
NB,weapons-2025,4.0
NB,i-saw-the-tv-glow,2.0
NB,y2k-2024,2.0
NB,invasion-of-the-body-snatchers-1978,4.0
NB,the-front-room,2.0
NB,the-hidden-fortress,4.0
NB,se7en,5.0
NB,the-silence-of-the-lambs,5.0
NB,creature-from-the-black-lagoon,3.5
NB,springsteen-deliver-me-from-nowhere,3.0
NB,bride-of-frankenstein,3.0
NB,look-into-my-eyes,2.5
NB,it-was-just-an-accident,3.0
NB,a-house-of-dynamite,3.0
NB,problemista,3.0
NB,bugonia,4.5
NB,the-fly-1986,3.0
NB,shelby-oaks,2.5
NB,frankenstein-1931,3.0
NB,the-cabinet-of-dr-caligari-1920,4.0
NB,dracula,3.0
NB,cronos,3.0
NB,misery,3.5
NB,metropolis,4.5
NB,if-i-had-legs-id-kick-you,4.0
NB,hour-of-the-wolf,4.0
NB,frankenstein-2025,4.0
NB,wicked-2024,4.0
NB,good-will-hunting,4.5
NB,caught-stealing,3.0
NB,the-first-omen,4.0
NB,one-battle-after-another,5.0
NB,cries-and-whispers,4.0
NB,let-the-right-one-in,4.5
NB,the-long-walk-2025,3.5
NB,inherent-vice,4.0
NB,inside-llewyn-davis,4.0
NB,punch-drunk-love,4.0
NB,winter-light,4.0
NB,autumn-sonata,5.0
NB,the-conjuring-the-devil-made-me-do-it,3.0
NB,the-human-condition-iii-a-soldiers-prayer,5.0
NB,psycho,4.5
NB,the-fog,3.5
NB,high-and-low,4.5
NB,the-human-condition-ii-road-to-eternity,4.5
NB,final-destination-bloodlines,3.0
NB,rogue-one-a-star-wars-story,4.0
NB,a-hard-days-night,4.0
NB,until-dawn-2025,2.5
NB,final-destination-5,3.0
NB,the-final-destination,2.0
NB,possession,3.0
NB,together-2025,3.5
NB,the-phoenician-scheme,4.0
NB,the-naked-gun,4.0
NB,the-human-condition-i-no-greater-love,4.5
NB,eddington,4.5
NB,the-fantastic-4-first-steps,3.5
NB,the-hunger-games-catching-fire,4.0
NB,now-you-see-me,3.0
NB,the-great-dictator,4.5
NB,superman-2025,4.0
NB,the-prestige,5.0
NB,inception,5.0
NB,jurassic-world-rebirth,3.0
NB,jurassic-world-dominion,1.0
NB,the-monkey-2025,3.5
NB,f1,4.0
NB,sorry-baby-2025,5.0
NB,paris-texas,4.0
NB,wild-strawberries,4.0
NB,infernal-affairs,4.0
NB,28-years-later,4.0
NB,28-weeks-later,3.0
NB,how-to-train-your-dragon-2025,4.0
NB,materialists,3.0
NB,miley-cyrus-something-beautiful,3.5
NB,ballerina-2025,3.0
NB,bring-her-back,4.0
NB,mission-impossible-the-final-reckoning,3.0
NB,final-destination-3,3.0
NB,final-destination-2,2.5
NB,final-destination,3.5
NB,the-princess-bride,4.0
NB,mission-impossible-dead-reckoning,4.5
NB,mission-impossible-rogue-nation,4.5
NB,mission-impossible-fallout,4.5
NB,the-vanishing,3.5
NB,friendship-2024,4.0
NB,mission-impossible-ghost-protocol,4.0
NB,mission-impossible-iii,4.0
NB,mission-impossible-ii,2.5
NB,mission-impossible,4.0
NB,call-me-by-your-name,4.0
NB,sinners-2025,4.5
NB,la-confidential,4.5
NB,beetlejuice-beetlejuice,3.5
NB,modern-times,4.0
NB,pulse-2001,3.0
NB,phantom-thread,4.5
NB,day-of-the-dead,3.5
NB,carol-2015,4.0
NB,dawn-of-the-dead,3.0
NB,collateral,4.0
NB,black-bag-2025,4.0
NB,mickey-17,4.0
NB,vertigo,4.0
NB,emilia-perez,1.0
NB,the-seed-of-the-sacred-fig,2.5
NB,evil-does-not-exist,4.0
NB,the-girl-with-the-needle,4.0
NB,a-complete-unknown,3.0
NB,a-different-man,4.0
NB,the-apprentice-2024,3.5
NB,im-still-here-2024,3.5
NB,september-5,3.5
NB,nickel-boys,4.5
NB,instruments-of-a-beating-heart,4.0
NB,anuja,3.5
NB,no-other-land,5.0
NB,im-not-a-robot-2023,3.5
NB,the-seventh-seal,3.5
NB,the-general,3.0
NB,memoir-of-a-snail,1.0
NB,sherlock-jr,4.5
NB,inland-empire,4.0
NB,the-french-dispatch-of-the-liberty-kansas,3.5
NB,sing-sing-2023,4.0
NB,beautiful-boy-2018,3.5
NB,premonitions-following-an-evil-deed,4.0
NB,six-men-getting-sick,3.0
NB,the-amputee,3.5
NB,babygirl-2024,3.5
NB,persona,5.0
NB,eyes-wide-shut,4.0
NB,flow-2024,4.5
NB,a-real-pain,4.0
NB,city-lights,4.5
NB,28-days-later,4.0
NB,wallace-gromit-vengeance-most-fowl,3.5
NB,rushmore,4.0
NB,the-wild-robot,4.5
NB,the-kid,4.0
NB,the-order-2024,4.0
NB,saturday-night-2024,2.5
NB,inside-out-2-2024,1.5
NB,nyad,1.5
NB,conclave,4.0
NB,nosferatu-2024,4.0
NB,vampyr,3.5
NB,the-brutalist,4.5
NB,juror-2,3.0
NB,interstellar,5.0
NB,the-wizard-of-oz-1939,5.0
NB,the-handmaiden,5.0
NB,smile-2-2024,3.5
NB,gladiator-ii,3.5
NB,oddity-2024,4.0
NB,gladiator-2000,5.0
NB,the-sixth-sense,5.0
NB,heretic-2024,4.0
NB,the-watchers-2024,2.0
NB,ready-or-not-2019,3.5
NB,an-american-werewolf-in-london,3.5
NB,suspiria,3.0
NB,insomnia-2002,3.5
NB,everything-everywhere-all-at-once,5.0
NB,the-substance,4.5
NB,maxxxine,2.5
NB,anora,4.5
NB,red-rooms,3.5
NB,before-midnight,4.0
NB,strange-darling,4.0
NB,before-sunset,4.5
NB,ring-1998,4.0
NB,creepy,3.0
NB,american-history-x,4.0
NB,lawrence-of-arabia,4.5
NB,casablanca,5.0
NB,leon-the-professional,4.0
NB,a-quiet-place-day-one,3.0
NB,edge-of-tomorrow,4.5
NB,the-boy-and-the-heron,4.0
NB,come-and-see,5.0
NB,the-life-aquatic-with-steve-zissou,4.0
NB,the-grand-budapest-hotel,5.0
NB,onibaba,4.5
NB,the-master-2012,4.5
NB,alien-romulus,3.5
NB,bottle-rocket-1996,4.0
NB,the-abyss,3.0
NB,longlegs,3.5
NB,alien-covenant,4.0
NB,this-place-rules,2.5
NB,the-eternal-daughter,2.5
NB,dream-scenario,3.0
NB,abigail-2024,3.0
NB,trap-2024,2.5
NB,eraserhead,3.5
NB,crazy-rich-asians,4.0
NB,taxi-driver,4.5
NB,sanjuro,4.0
NB,prometheus,4.0
NB,from-dusk-till-dawn,3.0
NB,m,4.0
NB,throne-of-blood,4.5
NB,chinatown,4.5
NB,the-descent,3.5
NB,furious-7,3.0
NB,yojimbo,4.5
NB,there-will-be-blood,4.5
NB,a-fistful-of-dollars,4.0
NB,ran,5.0
NB,magnolia,4.5
NB,the-vast-of-night,4.0
NB,escape-from-alcatraz,4.5
NB,a-time-for-burning,4.0
NB,black-panthers,4.0
NB,before-sunrise,4.0
NB,manhunter,4.0
NB,avp-alien-vs-predator,3.0
NB,alien-resurrection,2.5
NB,carnival-of-souls,4.0
NB,challengers,4.0
NB,civil-war-2024,4.0
NB,alien-3,3.0
NB,aliens,5.0
NB,alien,5.0
NB,the-passion-of-joan-of-arc,4.0
NB,ugetsu,4.0
NB,furiosa-a-mad-max-saga,4.5
NB,stop-making-sense,5.0
NB,kwaidan,5.0
NB,all-dirt-roads-taste-of-salt,3.0
NB,eyes-without-a-face,4.0
NB,rashomon,4.5
NB,pi,3.0
NB,the-sadness-2021,3.5
NB,kingdom-of-the-planet-of-the-apes,4.0
NB,fast-furious-6,3.5
NB,dicks-the-musical,2.5
NB,priscilla,3.5
NB,medusa-deluxe,2.0
NB,steve-2024,3.5
NB,nosferatu,4.0
NB,fast-five,4.0
NB,2001-a-space-odyssey,4.5
NB,fast-furious,3.0
NB,the-fast-and-the-furious-tokyo-drift,3.0
NB,ocean-waves,3.5
NB,2-fast-2-furious,3.5
NB,stars-at-noon,2.5
NB,last-shift,3.0
NB,occupied-city,3.0
NB,war-for-the-planet-of-the-apes,3.5
NB,the-hunger-games-the-ballad-of-songbirds-snakes,3.0
NB,the-fast-and-the-furious-2001,3.0
NB,when-marnie-was-there,4.0
NB,the-wind-rises,4.0
NB,the-tale-of-the-princess-kaguya,4.5
NB,earwig-and-the-witch,2.0
NB,late-night-with-the-devil,3.5
NB,from-up-on-poppy-hill,4.0
NB,tales-from-earthsea,3.0
NB,the-secret-world-of-arrietty,4.0
NB,ponyo,4.0
NB,the-cat-returns,3.5
NB,my-neighbors-the-yamadas,4.0
NB,princess-mononoke,4.5
NB,whisper-of-the-heart,4.5
NB,the-blob,3.0
NB,pom-poko,3.0
NB,porco-rosso,4.0
NB,only-yesterday,4.0
NB,castle-in-the-sky,4.0
NB,nausicaa-of-the-valley-of-the-wind,4.0
NB,12-angry-men,5.0
NB,sharper,2.5
NB,memento,4.0
NB,cure,4.5
NB,the-sky-is-everywhere,2.0
NB,the-tragedy-of-macbeth,4.0
NB,when-you-finish-saving-the-world,2.5
NB,the-iron-claw-2023,4.0
NB,you-hurt-my-feelings-2023,3.5
NB,funny-pages,3.0
NB,zola,3.5
NB,waves-2019,4.0
NB,sinister,3.5
NB,stephen-curry-underrated,4.0
NB,on-the-rocks-2020,3.5
NB,the-lord-of-the-rings-the-return-of-the-king,5.0
NB,the-lord-of-the-rings-the-two-towers,5.0
NB,the-lord-of-the-rings-the-fellowship-of-the-ring,5.0
NB,perfect-days-2023,4.0
NB,to-kill-a-tiger,4.0
NB,napoleon-2023,3.0
NB,society-of-the-snow,4.0
NB,four-daughters-2023,3.5
NB,the-teachers-lounge-2023,4.5
NB,rustin-2023,2.5
NB,the-color-purple-2023,3.5
NB,red-rocket-2021,3.5
NB,boys-state,4.0
NB,open-wide-2024,2.0
NB,golda-2023,2.5
NB,white-noise-2022,3.0
NB,beau-is-afraid,3.0
NB,elemental-2023,3.0
NB,el-conde,2.5
NB,20-days-in-mariupol,4.5
NB,gods-creatures,3.0
NB,after-yang,4.0
NB,my-mercury,3.0
NB,dune-2021,5.0
NB,dune-part-two,5.0
NB,dawn-of-the-dead-2004,3.5
NB,jerry-lee-lewis-trouble-in-mind,2.5
NB,the-humans,3.5
NB,cmon-cmon,4.0
NB,im-hip,2.5
NB,first-cow,3.5
NB,heat-1995,4.0
NB,wild-summon,3.5
NB,war-is-over-inspired-by-the-music-of-john-yoko,3.5
NB,ninety-five-senses,3.5
NB,pachyderm,3.5
NB,letter-to-a-pig,2.5
NB,our-uniform,3.0
NB,invincible-2022,4.0
NB,the-abcs-of-book-banning,2.5
NB,american-fiction,4.0
NB,red-white-and-blue-2023,3.5
NB,the-last-repair-shop,3.5
NB,nai-nai-wai-po,4.0
NB,the-barber-of-little-rock,3.0
NB,the-zone-of-interest,4.5
NB,island-in-between,3.0
NB,spider-man-across-the-spider-verse,3.5
NB,nimona-2023,3.5
NB,knight-of-fortune,3.5
NB,the-wonderful-story-of-henry-sugar,4.0
NB,the-after-2023-1,2.5
NB,the-deepest-breath,4.0
NB,in-fabric,2.5
NB,val,3.0
NB,poor-things-2023,3.5
NB,the-rat-catcher-2023,0.0
NB,the-swan-2023,0.0
NB,poison-2023,0.0
NB,ivalu,0.0
NB,the-elephant-whisperers,0.0
NB,the-red-suitcase-2022,0.0
NB,talk-to-me-2022,0.0
NB,all-the-beauty-and-the-bloodshed,0.0
NB,the-boy-the-mole-the-fox-and-the-horse,0.0
NB,earth-mama,0.0
NB,le-pupille,0.0
NB,my-year-of-dicks,0.0
NB,ice-merchants,0.0
NB,aftersun,0.0
NB,air-2023,0.0
NB,stranger-at-the-gate,0.0
NB,saw-x,0.0
NB,pearl-2022,0.0
NB,a-haunting-in-venice,0.0
NB,an-ostrich-told-me-the-world-is-fake-and-i-think-i-believe-it,0.0
NB,godzilla-minus-one,0.0
NB,scream-vi,0.0
NB,saltburn,0.0
NB,haulout,0.0
NB,navalny,0.0
NB,the-quiet-girl,0.0
NB,anatomy-of-a-fall,0.0
NB,the-martha-mitchell-effect,0.0
NB,all-that-breathes,0.0
NB,a-house-made-of-splinters,0.0
NB,fire-of-love-2022,0.0
NB,barbarian-2022,0.0
NB,close-2022,0.0
NB,elizabeth-a-portrait-in-parts,0.0
NB,werewolf-by-night,0.0
NB,an-irish-goodbye,0.0
NB,smile-2022,0.0
NB,oppenheimer-2023,0.0
NB,marcel-the-shell-with-shoes-on-2021,0.0
NB,how-do-you-measure-a-year,0.0
NB,the-holdovers,0.0
NB,may-december,0.0
NB,the-inspection,0.0
NB,to-leslie,0.0
NB,tell-it-like-a-woman,0.0
NB,no-one-will-save-you,0.0
NB,tar-2022,0.0
NB,empire-of-light,0.0
NB,bottoms,0.0
NB,crash-landing-on-you,0.0
NB,the-fabelmans,0.0
NB,the-killer-2023,0.0
NB,zack-snyders-justice-league,0.0
NB,lamb-2021,0.0
NB,eo,0.0
NB,the-whale-2022,0.0
NB,men-2022,0.0
NB,belfast,0.0
NB,women-talking,0.0
NB,coda-2021,0.0
NB,the-guardians-of-the-galaxy-holiday-special,0.0
NB,nope,0.0
NB,living-2022,0.0
NB,x-2022,0.0
NB,drive-my-car,0.0
NB,the-black-phone,0.0
NB,mrs-harris-goes-to-paris,0.0
NB,asteroid-city,0.0
NB,bullet-train,0.0
NB,licorice-pizza,0.0
NB,night-ride-2020,0.0
NB,argentina-1985,0.0
NB,evil-dead-rise,0.0
NB,decision-to-leave,0.0
NB,bardo-false-chronicle-of-a-handful-of-truths,0.0
NB,the-banshees-of-inisherin,0.0
NB,mean-girls-2024,0.0
NB,the-creator-2023,0.0
NB,the-witcher-nightmare-of-the-wolf,0.0
NB,past-lives,0.0
NB,glass-onion,0.0
NB,the-unbearable-weight-of-massive-talent,0.0
NB,dont-look-up-2021,0.0
NB,scream-2022,0.0
NB,the-northman,0.0
NB,spider-man-no-way-home,0.0
NB,old-2021,0.0
NB,the-matrix-resurrections,0.0
NB,the-harder-they-fall-2021,0.0
NB,the-last-duel-2021,0.0
NB,thor-love-and-thunder,0.0
NB,babylon-2022,0.0
NB,minari,0.0
NB,elvis-2022,0.0
NB,king-richard,0.0
NB,mank,0.0
NB,john-wick-chapter-4,0.0
NB,spiral-from-the-book-of-saw,0.0
NB,the-little-things-2021,0.0
NB,the-power-of-the-dog,0.0
NB,the-father-2020,0.0
NB,nightmare-alley-2021,0.0
NB,causeway,0.0
NB,the-menu-2022,0.0
NB,false-positive,0.0
NB,fear-street-1994,0.0
NB,palm-springs-2020,0.0
NB,judas-and-the-black-messiah,0.0
NB,promising-young-woman,0.0
NB,nomadland,0.0
NB,news-of-the-world,0.0
NB,another-round,0.0
NB,rrr,0.0
NB,tenet,0.0
NB,saint-maud,0.0
NB,the-invisible-man-2020,0.0
NB,black-mirror-bandersnatch,0.0
NB,encanto,0.0
NB,shang-chi-and-the-legend-of-the-ten-rings,0.0
NB,the-death-of-dick-long,0.0
NB,the-farewell-2019,0.0
NB,candyman-2021,0.0
NB,the-sea-beast-2022,0.0
NB,the-green-knight,0.0
NB,the-trial-of-the-chicago-7,0.0
NB,emma-2020,0.0
NB,guillermo-del-toros-pinocchio,0.0
NB,free-guy,0.0
NB,the-night-house,0.0
NB,the-old-guard-2020,0.0
NB,knives-out-2019,0.0
NB,extraction-2020,0.0
NB,skin-2019-3,0.0
NB,the-elephant-queen,0.0
NB,the-ballad-of-buster-scruggs,0.0
NB,queen-slim,0.0
NB,the-dead-dont-die-2019,0.0
NB,1917,0.0
NB,midsommar,0.0
NB,raya-and-the-last-dragon,0.0
NB,maestro-2023,0.0
NB,in-the-tall-grass-2019,0.0
NB,the-last-black-man-in-san-francisco,0.0
NB,a-quiet-place-part-ii,0.0
NB,bodies-bodies-bodies,0.0
NB,yesterday-2019,0.0
NB,free-solo,0.0
NB,jojo-rabbit,0.0
NB,the-hunt-2020,0.0
NB,always-be-my-maybe-2019,0.0
NB,native-son-2019,0.0
NB,west-side-story-2021,0.0
NB,share-2019,0.0
NB,turning-red,0.0
NB,soul-2020,0.0
NB,gonjiam-haunted-asylum,0.0
NB,onward-2020,0.0
NB,climax-2018,0.0
NB,black-panther-wakanda-forever,0.0
NB,booksmart,0.0
NB,the-king-2019,0.0
NB,the-lighthouse-2019,0.0
NB,army-of-the-dead-2021,0.0
NB,sound-of-metal,0.0
NB,a-beautiful-day-in-the-neighborhood,0.0
NB,doctor-sleep,0.0
NB,triangle-of-sadness,0.0
NB,parasite-2019,0.0
NB,hereditary,0.0
NB,dungeons-dragons-honor-among-thieves,0.0
NB,low-tide-2019,0.0
NB,marriage-story-2019,0.0
NB,gloria-bell,0.0
NB,burning-2018,0.0
NB,never-goin-back,0.0
NB,eighth-grade,0.0
NB,the-kill-team-2019,0.0
NB,the-hole-in-the-ground-2019,0.0
NB,backstabbing-for-beginners,0.0
NB,the-kings-man,0.0
NB,joker-2019,0.0
NB,it-chapter-two,0.0
NB,uncut-gems,0.0
NB,the-children-act,0.0
NB,killers-of-the-flower-moon,0.0
NB,to-all-the-boys-ive-loved-before,0.0
NB,once-upon-a-time-in-hollywood,0.0
NB,first-reformed,0.0
NB,us-2019,0.0
NB,mamma-mia-here-we-go-again,0.0
NB,john-wick-chapter-3-parabellum,0.0
NB,tag-2018,0.0
NB,doctor-strange-in-the-multiverse-of-madness,0.0
NB,1922-2017,0.0
NB,the-last-movie-star,0.0
NB,a-prayer-before-dawn,0.0
NB,guardians-of-the-galaxy-vol-3,0.0
NB,a-quiet-place-2018,0.0
NB,pokemon-detective-pikachu,0.0
NB,the-little-mermaid-2023,0.0
NB,bad-times-at-the-el-royale,0.0
NB,my-friend-dahmer,0.0
NB,reservoir-dogs-1991,0.0
NB,the-nun-2018,0.0
NB,overlord-2018,0.0
NB,the-ballad-of-lefty-brown,0.0
NB,mid90s,0.0
NB,the-suicide-squad,0.0
NB,the-ritual-2017,0.0
NB,1-2017-3,0.0
NB,spider-man-far-from-home,0.0
NB,good-time,0.0
NB,menashe,0.0
NB,a-ghost-story-2017,0.0
NB,roma-2018,0.0
NB,the-lovers-2017,0.0
NB,sorry-to-bother-you,0.0
NB,bohemian-rhapsody,0.0
NB,chip-n-dale-rescue-rangers,0.0
NB,the-lion-king-2019,0.0
NB,get-out-2017,0.0
NB,it-comes-at-night,0.0
NB,puss-in-boots,0.0
NB,scary-stories-to-tell-in-the-dark-2019,0.0
NB,the-big-sick,0.0
NB,the-batman,0.0
NB,supersonic,0.0
NB,lean-on-pete,0.0
NB,bird-box,0.0
NB,ralph-breaks-the-internet,0.0
NB,godzilla-vs-kong,0.0
NB,isle-of-dogs-2018,0.0
NB,logan-lucky,0.0
NB,piper,0.0
NB,the-killing-of-a-sacred-deer,0.0
NB,the-shape-of-water,0.0
NB,the-irishman-2019,0.0
NB,the-autopsy-of-jane-doe,0.0
NB,woodshock-2017,0.0
NB,train-to-busan,0.0
NB,under-the-silver-lake,0.0
NB,annabelle-creation,0.0
NB,woman-walks-ahead,0.0
NB,wind-river-2017,0.0
NB,the-florida-project,0.0
NB,murder-on-the-orient-express-2017,0.0
NB,lady-bird,0.0
NB,i-tonya,0.0
NB,okja,0.0
NB,the-cloverfield-paradox,0.0
NB,deadpool-2,0.0
NB,sadako-vs-kayako,0.0
NB,split-2016,0.0
NB,moonlight-2016,0.0
NB,high-life-2018,0.0
NB,the-favourite,0.0
NB,dunkirk-2017,0.0
NB,godzilla-king-of-the-monsters-2019,0.0
NB,the-disaster-artist,0.0
NB,hunt-for-the-wilderpeople,0.0
NB,no-time-to-die-2021,0.0
NB,top-gun-maverick,0.0
NB,three-billboards-outside-ebbing-missouri,0.0
NB,ford-v-ferrari,0.0
NB,hell-house-llc,0.0
NB,de-palma,0.0
NB,coco-2017,0.0
NB,jumanji-welcome-to-the-jungle,0.0
NB,the-dark-tower,0.0
NB,the-vanishing-of-sidney-hall,0.0
NB,morris-from-america,0.0
NB,jurassic-world-fallen-kingdom,0.0
NB,solo-a-star-wars-story,0.0
NB,ju-on-the-final-curse,0.0
NB,hot-summer-nights,0.0
NB,slice-2018,0.0
NB,swiss-army-man,0.0
NB,barbie,0.0
NB,paddington-2,0.0
NB,it-2017,0.0
NB,kingsman-the-golden-circle,0.0
NB,20th-century-women,0.0
NB,how-to-talk-to-girls-at-parties,0.0
NB,popstar-never-stop-never-stopping,0.0
NB,american-honey,0.0
NB,the-monster-2016,0.0
NB,the-exception,0.0
NB,valerian-and-the-city-of-a-thousand-planets,0.0
NB,baby-driver,0.0
NB,tomb-raider,0.0
NB,zombieland-double-tap,0.0
NB,fantastic-beasts-the-crimes-of-grindelwald,0.0
NB,hell-or-high-water,0.0
NB,cruella,0.0
NB,blade-runner-2049,0.0
NB,indiana-jones-and-the-dial-of-destiny,0.0
NB,sing-2016,0.0
NB,lion,0.0
NB,manchester-by-the-sea,0.0
NB,into-the-forest,0.0
NB,the-blackcoats-daughter,0.0
NB,free-fire,0.0
NB,10-cloverfield-lane,0.0
NB,ready-player-one,0.0
NB,a-star-is-born-2018,0.0
NB,little-women-2019,0.0
NB,amy-2015,0.0
NB,frozen-2,0.0
NB,arrival-2016,0.0
NB,neighbors-2-sorority-rising,0.0
NB,spider-man-into-the-spider-verse,0.0
NB,john-wick-chapter-2,0.0
NB,krisha-2015,0.0
NB,beauty-and-the-beast-2017,0.0
NB,the-boy-2016,0.0
NB,spider-man-homecoming,0.0
NB,puss-in-boots-the-last-wish,0.0
NB,green-room,0.0
NB,la-la-land,0.0
NB,creed,0.0
NB,the-witch-2015,0.0
NB,mississippi-grind,0.0
NB,the-invitation-2015,0.0
NB,remember-2015,0.0
NB,equals,0.0
NB,toy-story-4,0.0
NB,blonde-2022,0.0
NB,annihilation,0.0
NB,captain-marvel,0.0
NB,avengers-infinity-war,0.0
NB,avengers-endgame,0.0
NB,jigsaw-2017,0.0
NB,aquaman-2018,0.0
NB,wonder-woman-2017,0.0
NB,suicide-squad-2016,0.0
NB,me-before-you,0.0
NB,bone-tomahawk,0.0
NB,son-of-a-gun,0.0
NB,maze-runner-the-scorch-trials,0.0
NB,the-age-of-adaline,0.0
NB,deadpool,0.0
NB,the-wailing,0.0
NB,kong-skull-island,0.0
NB,the-sea-of-trees,0.0
NB,the-nice-guys,0.0
NB,revenge-of-the-green-dragons,0.0
NB,paper-towns,0.0
NB,the-martian,0.0
NB,black-panther,0.0
NB,thor-ragnarok,0.0
NB,doctor-strange-2016,0.0
NB,guardians-of-the-galaxy-vol-2,0.0
NB,the-revenant-2015,0.0
NB,insidious-chapter-3,0.0
NB,the-jungle-book-2016,0.0
NB,moana-2016,0.0
NB,cut-bank,0.0
NB,passengers-2016,0.0
NB,the-adderall-diaries,0.0
NB,captain-america-civil-war,0.0
NB,it-follows,0.0
NB,zootopia,0.0
NB,ex-machina-2015,0.0
NB,room-2015,0.0
NB,logan-2017,0.0
NB,allegiant,0.0
NB,insurgent,0.0
NB,incredibles-2,0.0
NB,the-conjuring-2,0.0
NB,fantastic-beasts-and-where-to-find-them,0.0
NB,ju-on-the-beginning-of-the-end,0.0
NB,sadako-3d-2,0.0
NB,trespass-against-us,0.0
NB,as-above-so-below-2014,0.0
NB,pitch-perfect-2,0.0
NB,the-lobster,0.0
NB,while-were-young,0.0
NB,the-end-of-the-tour,0.0
NB,obvious-child,0.0
NB,barely-lethal,0.0
NB,what-we-do-in-the-shadows,0.0
NB,x-men-apocalypse,0.0
NB,tusk-2014,0.0
NB,john-wick,0.0
NB,whiplash-2014,0.0
NB,the-captive-2014,0.0
NB,life-after-beth-2014,0.0
NB,laggies,0.0
NB,nightcrawler,0.0
NB,the-babadook,0.0
NB,a-most-violent-year,0.0
NB,mojave-2015,0.0
NB,wild,0.0
NB,fury-2014,0.0
NB,unbroken,0.0
NB,horrible-bosses-2,0.0
NB,into-the-woods-2014,0.0
NB,sausage-party,0.0
NB,slow-west,0.0
NB,the-fault-in-our-stars,0.0
NB,fifty-shades-of-grey,0.0
NB,gone-girl,0.0
NB,locke,0.0
NB,kingsman-the-secret-service,0.0
NB,spectre-2015,0.0
NB,the-imitation-game,0.0
NB,sharknado,0.0
NB,crimson-peak,0.0
NB,love-rosie,0.0
NB,the-maze-runner,0.0
NB,neighbors-2014,0.0
NB,a-million-ways-to-die-in-the-west,0.0
NB,22-jump-street,0.0
NB,dark-places-2015,0.0
NB,enemy,0.0
NB,star-wars-the-last-jedi,0.0
NB,star-wars-the-rise-of-skywalker,0.0
NB,big-hero-6,0.0
NB,frank-2014,0.0
NB,how-to-train-your-dragon-the-hidden-world,0.0
NB,pirates-of-the-caribbean-dead-men-tell-no-tales,0.0
NB,life-is-ruff,0.0
NB,the-rover,0.0
NB,oculus,0.0
NB,divergent,0.0
NB,the-spectacular-now,0.0
NB,fruitvale-station,0.0
NB,dallas-buyers-club,0.0
NB,her,0.0
NB,inside-out-2015,0.0
NB,prisoners,0.0
NB,star-wars-the-force-awakens,0.0
NB,sadako-3d,0.0
NB,kung-fu-panda-3,0.0
NB,were-the-millers,0.0
NB,the-conjuring,0.0
NB,the-lego-movie,0.0
NB,jurassic-world,0.0
NB,the-hunger-games-mockingjay-part-1,0.0
NB,the-hunger-games-mockingjay-part-2,0.0
NB,x-men-days-of-future-past,0.0
NB,finding-dory,0.0
NB,godzilla-2014,0.0
NB,a-glimpse-inside-the-mind-of-charles-swan-iii,0.0
NB,pixel-perfect,0.0
NB,the-mortal-instruments-city-of-bones,0.0
NB,about-time,0.0
NB,the-hobbit-the-battle-of-the-five-armies,0.0
NB,spring-breakers,0.0
NB,assassins-creed,0.0
NB,ginger-rosa,0.0
NB,dawn-of-the-planet-of-the-apes,0.0
NB,guardians-of-the-galaxy,0.0
NB,the-internship,0.0
NB,paddington,0.0
NB,stuck-in-the-suburbs,0.0
NB,pitch-perfect,0.0
NB,snowpiercer,0.0
NB,evil-dead,0.0
NB,the-hangover-part-iii,0.0
NB,anchorman-2-the-legend-continues,0.0
NB,frozen-2013,0.0
NB,this-is-the-end,0.0
NB,double-teamed,0.0
NB,the-worlds-end,0.0
NB,the-wolf-of-wall-street,0.0
NB,ant-man,0.0
NB,maleficent,0.0
NB,the-amazing-spider-man-2,0.0
NB,quints,0.0
NB,captain-america-the-winter-soldier,0.0
NB,dumb-and-dumber-to,0.0
NB,avengers-age-of-ultron,0.0
NB,under-the-skin-2013,0.0
NB,the-bling-ring,0.0
NB,insidious-chapter-2,0.0
NB,life-of-pi,0.0
NB,the-perks-of-being-a-wallflower,0.0
NB,the-thirteenth-year,0.0
NB,moonrise-kingdom,0.0
NB,wreck-it-ralph,0.0
NB,silver-linings-playbook,0.0
NB,les-miserables-2012,0.0
NB,how-to-train-your-dragon-2,0.0
NB,warm-bodies,0.0
NB,enders-game,0.0
NB,end-of-watch,0.0
NB,avatar-the-way-of-water,0.0
NB,hotel-transylvania,0.0
NB,thor-the-dark-world,0.0
NB,mad-max-fury-road,0.0
NB,12-years-a-slave,0.0
NB,the-wolverine,0.0
NB,we-bought-a-zoo,0.0
NB,the-artist,0.0
NB,the-grey,0.0
NB,halloween-1978,0.0
NB,ice-age-the-meltdown,0.0
NB,the-hunger-games,0.0
NB,we-need-to-talk-about-kevin,0.0
NB,motocrossed,0.0
NB,ted,0.0
NB,world-war-z,0.0
NB,abraham-lincoln-vampire-hunter,0.0
NB,the-vow,0.0
NB,lincoln,0.0
NB,date-night,0.0
NB,django-unchained,0.0
NB,iron-man-3,0.0
NB,warcraft,0.0
NB,pirates-of-the-caribbean-dead-mans-chest,0.0
NB,8-mile,0.0
NB,walk-the-line,0.0
NB,million-dollar-baby,0.0
NB,war-of-the-worlds,0.0
NB,mars-attacks,0.0
NB,blade-runner,0.0
NB,open-water,0.0
NB,raiders-of-the-lost-ark,0.0
NB,indiana-jones-and-the-temple-of-doom,0.0
NB,dirty-dancing,0.0
NB,indiana-jones-and-the-last-crusade,0.0
NB,back-to-the-future,0.0
NB,pretty-woman,0.0
NB,the-big-lebowski,0.0
NB,charlie-and-the-chocolate-factory,0.0
NB,spirited-away,0.0
NB,o-brother-where-art-thou,0.0
NB,groundhog-day,0.0
NB,donnie-darko,0.0
NB,brokeback-mountain,0.0
NB,crouching-tiger-hidden-dragon,0.0
NB,lost-in-translation,0.0
NB,the-dark-knight,0.0
NB,oceans-eleven-2001,0.0
NB,edward-scissorhands,0.0
NB,breakfast-at-tiffanys,0.0
NB,back-to-the-future-part-ii,0.0
NB,saw,0.0
NB,sin-city,0.0
NB,sin-city-a-dame-to-kill-for,0.0
NB,back-to-the-future-part-iii,0.0
NB,braveheart,0.0
NB,hotel-rwanda,0.0
NB,saw-iii,0.0
NB,saw-ii,0.0
NB,indiana-jones-and-the-kingdom-of-the-crystal-skull,0.0
NB,the-terminator,0.0
NB,the-outsiders,0.0
NB,stand-by-me,0.0
NB,the-godfather,0.0
NB,some-like-it-hot,0.0
NB,the-godfather-part-ii,0.0
NB,the-godfather-part-iii,0.0
NB,about-a-boy,0.0
NB,ghost,0.0
NB,willy-wonka-the-chocolate-factory,0.0
NB,king-kong-2005,0.0
NB,batman-begins,0.0
NB,fargo,0.0
NB,underworld-2003,0.0
NB,the-shawshank-redemption,0.0
NB,terminator-2-judgment-day,0.0
NB,pirates-of-the-caribbean-at-worlds-end,0.0
NB,terminator-3-rise-of-the-machines,0.0
NB,the-science-of-sleep,0.0
NB,bruce-almighty,0.0
NB,catwoman,0.0
NB,snakes-on-a-plane,0.0
NB,jurassic-park,0.0
NB,the-lost-world-jurassic-park,0.0
NB,jurassic-park-iii,0.0
NB,inspector-gadget,0.0
NB,the-devil-wears-prada,0.0
NB,batman-returns,0.0
NB,a-nightmare-on-elm-street,0.0
NB,rain-man,0.0
NB,kill-bill-vol-2,0.0
NB,capote,0.0
NB,garden-state,0.0
NB,snow-white-and-the-seven-dwarfs,0.0
NB,the-chronicles-of-narnia-the-lion-the-witch-and-the-wardrobe,0.0
NB,batman-forever,0.0
NB,batman-robin,0.0
NB,the-pianist,0.0
NB,schindlers-list,0.0
NB,ice-age,0.0
NB,the-good-the-bad-and-the-ugly,0.0
NB,mary-poppins,0.0
NB,the-day-after-tomorrow,0.0
NB,la-dolce-vita,0.0
NB,a-beautiful-mind,0.0
NB,romeo-juliet-1996,0.0
NB,bend-it-like-beckham,0.0
NB,borat-cultural-learnings-of-america-for-make-benefit-glorious-nation-of-kazakhstan,0.0
NB,the-green-mile,0.0
NB,reservoir-dogs,0.0
NB,grizzly-man,0.0
NB,monster,0.0
NB,love-actually,0.0
NB,one-flew-over-the-cuckoos-nest,0.0
NB,the-wrong-trousers,0.0
NB,wallace-gromit-the-curse-of-the-were-rabbit,0.0
NB,theres-something-about-mary,0.0
NB,the-horse-whisperer,0.0
NB,fight-club,0.0
NB,spider-man,0.0
NB,spider-man-2,0.0
NB,spider-man-3,0.0
NB,constantine,0.0
NB,starship-troopers,0.0
NB,the-mummy-1999,0.0
NB,the-ring-2002,0.0
NB,the-birds,0.0
NB,dances-with-wolves,0.0
NB,life-of-brian,0.0
NB,monsters-inc,0.0
NB,big-fish,0.0
NB,silent-hill,0.0
NB,the-da-vinci-code,0.0
NB,the-terminal,0.0
NB,to-kill-a-mockingbird,0.0
NB,et-the-extra-terrestrial,0.0
NB,independence-day,0.0
NB,the-matrix,0.0
NB,the-matrix-reloaded,0.0
NB,the-matrix-revolutions,0.0
NB,men-in-black,0.0
NB,men-in-black-ii,0.0
NB,poltergeist,0.0
NB,the-passion-of-the-christ,0.0
NB,grease,0.0
NB,interview-with-the-vampire,0.0
NB,the-usual-suspects,0.0
NB,bridget-joness-diary,0.0
NB,catch-me-if-you-can-2002,0.0
NB,troy,0.0
NB,on-the-waterfront,0.0
NB,saw-iv,0.0
NB,twister,0.0
NB,oldboy,0.0
NB,harry-potter-and-the-philosophers-stone,0.0
NB,harry-potter-and-the-chamber-of-secrets,0.0
NB,harry-potter-and-the-prisoner-of-azkaban,0.0
NB,harry-potter-and-the-goblet-of-fire,0.0
NB,harry-potter-and-the-order-of-the-phoenix,0.0
NB,pulp-fiction,0.0
NB,meet-the-fockers,0.0
NB,the-shining,0.0
NB,goldeneye,0.0
NB,top-gun,0.0
NB,shaun-of-the-dead,0.0
NB,v-for-vendetta,0.0
NB,fantasia,0.0
NB,monty-python-and-the-holy-grail,0.0
NB,the-evil-dead,0.0
NB,evil-dead-ii,0.0
NB,army-of-darkness,0.0
NB,harry-potter-and-the-half-blood-prince,0.0
NB,goodfellas,0.0
NB,gone-with-the-wind,0.0
NB,home-alone,0.0
NB,home-alone-2-lost-in-new-york,0.0
NB,little-miss-sunshine,0.0
NB,gattaca,0.0
NB,mr-mrs-smith-2005,0.0
NB,mrs-doubtfire,0.0
NB,the-omen,0.0
NB,shrek,0.0
NB,shrek-2,0.0
NB,shrek-the-third,0.0
NB,aladdin,0.0
NB,airplane,0.0
NB,austin-powers-international-man-of-mystery,0.0
NB,austin-powers-the-spy-who-shagged-me,0.0
NB,austin-powers-in-goldmember,0.0
NB,underworld-evolution,0.0
NB,a-christmas-story-1983,0.0
NB,the-mask-1994,0.0
NB,who-framed-roger-rabbit,0.0
NB,saving-private-ryan,0.0
NB,sleepless-in-seattle,0.0
NB,toy-story,0.0
NB,toy-story-2,0.0
NB,planet-of-the-apes-2001,0.0
NB,planet-of-the-apes,0.0
NB,hook,0.0
NB,the-flintstones,0.0
NB,doctor-zhivago,0.0
NB,cars,0.0
NB,galaxy-quest,0.0
NB,gremlins,0.0
NB,godzilla-1998,0.0
NB,madagascar,0.0
NB,spaceballs,0.0
NB,whale-rider,0.0
NB,point-break,0.0
NB,the-thing,0.0
NB,ghost-rider,0.0
NB,the-host,0.0
NB,stranger-than-fiction-2006,0.0
NB,bridge-to-terabithia,0.0
NB,meet-the-robinsons,0.0
NB,300,0.0
NB,american-psycho,0.0
NB,rocky,0.0
NB,blood-diamond,0.0
NB,pans-labyrinth,0.0
NB,the-departed,0.0
NB,hellboy,0.0
NB,the-illusionist,0.0
NB,kingdom-of-heaven,0.0
NB,office-space,0.0
NB,the-lost-boys,0.0
NB,ghost-world,0.0
NB,chicago,0.0
NB,resident-evil,0.0
NB,resident-evil-apocalypse,0.0
NB,apocalypto,0.0
NB,the-holiday,0.0
NB,school-of-rock,0.0
NB,secret-window,0.0
NB,whats-eating-gilbert-grape,0.0
NB,bring-it-on,0.0
NB,night-at-the-museum,0.0
NB,meet-the-parents,0.0
NB,liar-liar,0.0
NB,free-willy,0.0
NB,the-island-2005,0.0
NB,bedazzled-2000,0.0
NB,speed,0.0
NB,crash-2004,0.0
NB,the-legend-of-zorro,0.0
NB,march-of-the-penguins,0.0
NB,hostel,0.0
NB,hostel-part-ii,0.0
NB,the-devils-rejects,0.0
NB,the-incredible-hulk,0.0
NB,west-side-story,0.0
NB,iron-man-2008,0.0
NB,the-mummy-returns,0.0
NB,the-mummy-tomb-of-the-dragon-emperor,0.0
NB,captain-america-the-first-avenger,0.0
NB,you-me-and-dupree,0.0
NB,50-first-dates,0.0
NB,transformers,0.0
NB,pirates-of-the-caribbean-on-stranger-tides,0.0
NB,the-karate-kid,0.0
NB,marie-antoinette-2006,0.0
NB,the-empire-strikes-back,0.0
NB,return-of-the-jedi,0.0
NB,star-wars-episode-i-the-phantom-menace,0.0
NB,star-wars-episode-ii-attack-of-the-clones,0.0
NB,star-wars-episode-iii-revenge-of-the-sith,0.0
NB,memoirs-of-a-geisha,0.0
NB,the-beach,0.0
NB,hulk,0.0
NB,the-amazing-spider-man,0.0
NB,the-others,0.0
NB,the-butterfly-effect,0.0
NB,alexander,0.0
NB,the-grudge,0.0
NB,the-grudge-2,0.0
NB,fantastic-four-rise-of-the-silver-surfer,0.0
NB,lara-croft-tomb-raider,0.0
NB,lara-croft-tomb-raider-the-cradle-of-life,0.0
NB,the-wedding-planner,0.0
NB,mr-deeds,0.0
NB,hidalgo,0.0
NB,the-lake-house,0.0
NB,i-robot,0.0
NB,national-treasure,0.0
NB,ratatouille,0.0
NB,while-you-were-sleeping,0.0
NB,x-men-origins-wolverine,0.0
NB,halloween,0.0
NB,american-pie,0.0
NB,the-breakfast-club,0.0
NB,rush-hour,0.0
NB,me-myself-irene,0.0
NB,the-perfect-storm,0.0
NB,wet-hot-american-summer,0.0
NB,tenacious-d-in-the-pick-of-destiny,0.0
NB,death-at-a-funeral,0.0
NB,the-golden-compass,0.0
NB,big,0.0
NB,space-jam,0.0
NB,inkheart,0.0
NB,beowulf-2007,0.0
NB,eragon,0.0
NB,the-bourne-identity-2002,0.0
NB,the-bourne-supremacy,0.0
NB,the-bourne-ultimatum,0.0
NB,spanglish,0.0
NB,the-aviator,0.0
NB,planes-trains-and-automobiles,0.0
NB,uncle-buck,0.0
NB,what-lies-beneath,0.0
NB,pleasantville,0.0
NB,house-of-1000-corpses,0.0
NB,the-blair-witch-project,0.0
NB,sleepy-hollow,0.0
NB,it-1990,0.0
NB,signs,0.0
NB,evan-almighty,0.0
NB,addams-family-values,0.0
NB,american-pie-2,0.0
NB,the-addams-family,0.0
NB,hairspray-2007,0.0
NB,ghostbusters-ii,0.0
NB,1408,0.0
NB,young-frankenstein,0.0
NB,ace-ventura-pet-detective,0.0
NB,doctor-dolittle-1998,0.0
NB,gangs-of-new-york-2002,0.0
NB,bambi,0.0
NB,battle-royale,0.0
NB,good-night-and-good-luck,0.0
NB,girl-interrupted,0.0
NB,changeling,0.0
NB,the-number-23,0.0
NB,i-know-what-you-did-last-summer,0.0
NB,i-still-know-what-you-did-last-summer,0.0
NB,corpse-bride,0.0
NB,beetlejuice,0.0
NB,my-girl,0.0
NB,scream,0.0
NB,scream-2,0.0
NB,scream-3,0.0
NB,scary-movie-2000,0.0
NB,scary-movie-2,0.0
NB,scary-movie-3,0.0
NB,scary-movie-4,0.0
NB,charlies-angels,0.0
NB,atonement,0.0
NB,pride-prejudice,0.0
NB,monster-in-law,0.0
NB,the-brothers-grimm,0.0
NB,seabiscuit,0.0
NB,legends-of-the-fall,0.0
NB,friday-the-13th,0.0
NB,30-days-of-night,0.0
NB,enchanted,0.0
NB,the-darjeeling-limited,0.0
NB,monty-pythons-the-meaning-of-life,0.0
NB,panic-room,0.0
NB,sex-and-the-city,0.0
NB,raising-helen,0.0
NB,read-it-and-weep,0.0
NB,across-the-universe,0.0
NB,the-curious-case-of-benjamin-button,0.0
NB,howls-moving-castle,0.0
NB,burn-after-reading,0.0
NB,10-things-i-hate-about-you,0.0
NB,be-kind-rewind,0.0
NB,gothika,0.0
NB,boogie-nights,0.0
NB,sky-captain-and-the-world-of-tomorrow,0.0
NB,rush-hour-3,0.0
NB,rush-hour-2,0.0
NB,the-polar-express,0.0
NB,bee-movie,0.0
NB,national-lampoons-christmas-vacation,0.0
NB,i-know-who-killed-me,0.0
NB,the-mist,0.0
NB,into-the-wild,0.0
NB,along-came-polly,0.0
NB,romeo-and-juliet-1968,0.0
NB,ps-i-love-you,0.0
NB,shanghai-knights,0.0
NB,bram-stokers-dracula,0.0
NB,spice-world,0.0
NB,practical-magic,0.0
NB,racing-stripes,0.0
NB,the-jerk,0.0
NB,alvin-and-the-chipmunks,0.0
NB,i-am-legend,0.0
NB,the-dukes-of-hazzard,0.0
NB,idle-hands,0.0
NB,27-dresses,0.0
NB,walk-hard-the-dewey-cox-story,0.0
NB,lars-and-the-real-girl,0.0
NB,national-treasure-book-of-secrets,0.0
NB,zathura-a-space-adventure,0.0
NB,failure-to-launch,0.0
NB,homeward-bound-the-incredible-journey,0.0
NB,one-missed-call-2008,0.0
NB,the-village,0.0
NB,turner-hooch,0.0
NB,the-40-year-old-virgin,0.0
NB,somethings-gotta-give,0.0
NB,no-country-for-old-men,0.0
NB,van-helsing,0.0
NB,cloverfield,0.0
NB,futurama-benders-big-score,0.0
NB,duplex,0.0
NB,maid-in-manhattan,0.0
NB,juno,0.0
NB,carrie-1976,0.0
NB,chicken-run,0.0
NB,tropic-thunder,0.0
NB,the-hitchhikers-guide-to-the-galaxy-2005,0.0
NB,over-the-hedge,0.0
NB,fun-with-dick-and-jane-1996,0.0
NB,waiting,0.0
NB,resident-evil-extinction,0.0
NB,10000-bc,0.0
NB,the-lovely-bones,0.0
NB,robin-hood-men-in-tights,0.0
NB,21,0.0
NB,this-boys-life,0.0
NB,napoleon-dynamite,0.0
NB,jumper,0.0
NB,disturbia,0.0
NB,american-wedding,0.0
NB,four-brothers,0.0
NB,in-bruges,0.0
NB,holes,0.0
NB,rec,0.0
NB,my-big-fat-greek-wedding,0.0
NB,ice-age-dawn-of-the-dinosaurs,0.0
NB,cast-away,0.0
NB,superbad,0.0
NB,transformers-revenge-of-the-fallen,0.0
NB,definitely-maybe,0.0
NB,my-neighbor-totoro,0.0
NB,event-horizon,0.0
NB,dumb-and-dumber,0.0
NB,hitch-2005,0.0
NB,shanghai-noon,0.0
NB,the-lion-king,0.0
NB,the-happening,0.0
NB,fools-gold-2008,0.0
NB,taken,0.0
NB,anchorman-the-legend-of-ron-burgundy,0.0
NB,legally-blonde,0.0
NB,casper,0.0
NB,jumanji,0.0
NB,dude-wheres-my-car,0.0
NB,eight-legged-freaks,0.0
NB,how-the-grinch-stole-christmas-2000,0.0
NB,waynes-world,0.0
NB,waynes-world-2,0.0
NB,gomorrah,0.0
NB,wanted-2008,0.0
NB,pet-sematary,0.0
NB,deep-blue-sea,0.0
NB,antz,0.0
NB,garfield,0.0
NB,jeepers-creepers,0.0
NB,twilight-2008,0.0
NB,just-like-heaven,0.0
NB,dark-water-2005,0.0
NB,jackass-the-movie,0.0
NB,the-santa-clause-2,0.0
NB,spirit-stallion-of-the-cimarron,0.0
NB,big-daddy,0.0
NB,eight-below,0.0
NB,the-family-stone,0.0
NB,now-and-then,0.0
NB,blue-crush,0.0
NB,and-now-for-something-completely-different,0.0
NB,ace-ventura-when-nature-calls,0.0
NB,road-trip,0.0
NB,the-longest-yard-2005,0.0
NB,john-tucker-must-die,0.0
NB,monster-house,0.0
NB,ali-g-indahouse,0.0
NB,the-man-in-the-iron-mask-1998,0.0
NB,flightplan,0.0
NB,ghost-in-the-shell,0.0
NB,the-jungle-book,0.0
NB,the-nutty-professor-1996,0.0
NB,the-scorpion-king,0.0
NB,click,0.0
NB,the-goonies,0.0
NB,the-core,0.0
NB,the-mask-of-zorro,0.0
NB,nacho-libre,0.0
NB,honey-i-shrunk-the-kids,0.0
NB,anaconda,0.0
NB,super-size-me,0.0
NB,ferris-buellers-day-off,0.0
NB,thir13en-ghosts,0.0
NB,starsky-hutch,0.0
NB,zoolander,0.0
NB,the-royal-tenenbaums,0.0
NB,a-night-at-the-roxbury,0.0
NB,anastasia-1997,0.0
NB,babe-pig-in-the-city,0.0
NB,ever-after-1998,0.0
NB,charlies-angels-full-throttle,0.0
NB,dodgeball-a-true-underdog-story,0.0
NB,a-knights-tale,0.0
NB,the-nightmare-before-christmas,0.0
NB,a-bugs-life,0.0
NB,spy-kids-2-the-island-of-lost-dreams,0.0
NB,youve-got-mail,0.0
NB,kung-fu-panda,0.0
NB,anger-management,0.0
NB,man-on-fire-2004,0.0
NB,wedding-crashers,0.0
NB,red-dragon,0.0
NB,the-exorcist,0.0
NB,flubber,0.0
NB,little-women-1994,0.0
NB,babe,0.0
NB,big-mommas-house,0.0
NB,clueless,0.0
NB,of-mice-and-men-1992,0.0
NB,romy-and-micheles-high-school-reunion,0.0
NB,coneheads,0.0
NB,happy-gilmore,0.0
NB,dantes-peak,0.0
NB,beverly-hills-ninja,0.0
NB,scooby-doo,0.0
NB,cheaper-by-the-dozen-2,0.0
NB,ghost-ship,0.0
NB,shes-the-man,0.0
NB,the-triplets-of-belleville,0.0
NB,glory,0.0
NB,ju-on-the-grudge-2,0.0
NB,ring-2-1999,0.0
NB,the-black-dahlia,0.0
NB,little-nicky,0.0
NB,bubble-boy,0.0
NB,children-of-men,0.0
NB,lady-in-the-water,0.0
NB,the-wicker-man-2006,0.0
NB,talladega-nights-the-ballad-of-ricky-bobby,0.0
NB,bewitched-2005,0.0
NB,the-lion-king-ii-simbas-pride,0.0
NB,fantastic-four-2005,0.0
NB,hannibal,0.0
NB,step-up,0.0
NB,serendipity,0.0
NB,the-sisterhood-of-the-traveling-pants,0.0
NB,accepted,0.0
NB,the-hills-have-eyes-2006,0.0
NB,employee-of-the-month-2006,0.0
NB,turistas,0.0
NB,waterworld,0.0
NB,the-incredibles,0.0
NB,marvins-room,0.0
NB,the-parent-trap-1998,0.0
NB,lake-placid,0.0
NB,the-phantom-of-the-opera-2004,0.0
NB,happy-feet,0.0
NB,forgetting-sarah-marshall,0.0
NB,the-princess-diaries,0.0
NB,shallow-hal,0.0
NB,the-stepford-wives-2004,0.0
NB,sleepover,0.0
NB,rat-race,0.0
NB,the-producers-2005,0.0
NB,wrong-turn,0.0
NB,the-skeleton-key,0.0
NB,how-to-lose-a-guy-in-10-days,0.0
NB,robots,0.0
NB,the-fox-and-the-hound-2,0.0
NB,blades-of-glory,0.0
NB,the-benchwarmers,0.0
NB,kicking-screaming,0.0
NB,chicken-little-2005,0.0
NB,charlottes-web-2006,0.0
NB,the-great-mouse-detective,0.0
NB,brother-bear,0.0
NB,peggy-sue-got-married,0.0
NB,beauty-and-the-beast-1991,0.0
NB,the-pacifier,0.0
NB,my-sisters-keeper-2009,0.0
NB,honey,0.0
NB,good-luck-chuck,0.0
NB,just-friends,0.0
NB,when-a-stranger-calls-2006,0.0
NB,spy-kids,0.0
NB,the-amityville-horror-2005,0.0
NB,house-of-wax-2005,0.0
NB,hot-rod,0.0
NB,13-going-on-30-3,0.0
NB,the-aristocats,0.0
NB,stick-it,0.0
NB,stuart-little,0.0
NB,iron-man-2,0.0
NB,milk-2008,0.0
NB,the-little-mermaid,0.0
NB,bad-santa,0.0
NB,the-last-unicorn,0.0
NB,dumb-and-dumberer-when-harry-met-lloyd,0.0
NB,the-rundown,0.0
NB,hes-just-not-that-into-you,0.0
NB,the-sisterhood-of-the-traveling-pants-2,0.0
NB,pineapple-express,0.0
NB,how-to-train-your-dragon,0.0
NB,shrek-forever-after,0.0
NB,toy-story-3,0.0
NB,thor,0.0
NB,the-last-airbender,0.0
NB,the-princess-and-the-frog,0.0
NB,yes-man,0.0
NB,a-midsummer-nights-dream-1999,0.0
NB,pokemon-the-first-movie,0.0
NB,a-walk-to-remember,0.0
NB,shes-all-that,0.0
NB,the-ring-two,0.0
NB,legally-blonde-2-red-white-blonde,0.0
NB,freaky-friday-2003,0.0
NB,night-of-the-living-dead,0.0
NB,lady-and-the-tramp,0.0
NB,k-9,0.0
NB,an-american-tail-fievel-goes-west,0.0
NB,the-iron-giant,0.0
NB,hackers,0.0
NB,the-muppet-christmas-carol,0.0
NB,beethovens-2nd,0.0
NB,hocus-pocus,0.0
NB,so-i-married-an-axe-murderer,0.0
NB,102-dalmatians,0.0
NB,the-road-to-el-dorado,0.0
NB,bride-wars,0.0
NB,madagascar-escape-2-africa,0.0
NB,sherlock-holmes-2009,0.0
NB,pocahontas,0.0
NB,james-and-the-giant-peach,0.0
NB,the-hunchback-of-notre-dame-1996,0.0
NB,shark-tale,0.0
NB,where-the-heart-is-2000,0.0
NB,dinosaur,0.0
NB,the-cat-in-the-hat-2003,0.0
NB,the-girl-next-door-2004,0.0
NB,george-of-the-jungle,0.0
NB,mean-girls,0.0
NB,kangaroo-jack,0.0
NB,friday,0.0
NB,remember-the-titans,0.0
NB,loser,0.0
NB,you-dont-mess-with-the-zohan,0.0
NB,the-waterboy,0.0
NB,rec-2,0.0
NB,the-strangers,0.0
NB,mulan,0.0
NB,walle,0.0
NB,crazy-beautiful,0.0
NB,peter-pan,0.0
NB,daddy-day-care,0.0
NB,elf,0.0
NB,what-a-girl-wants,0.0
NB,the-haunted-mansion,0.0
NB,sydney-white,0.0
NB,without-a-paddle,0.0
NB,quantum-of-solace,0.0
NB,matilda,0.0
NB,atlantis-the-lost-empire,0.0
NB,saving-silverman,0.0
NB,sleeping-beauty,0.0
NB,pinocchio,0.0
NB,the-little-rascals,0.0
NB,the-little-mermaid-ii-return-to-the-sea,0.0
NB,agent-cody-banks,0.0
NB,under-the-tuscan-sun,0.0
NB,high-school-musical,0.0
NB,i-am-sam,0.0
NB,joe-dirt,0.0
NB,the-new-guy,0.0
NB,cats-dogs,0.0
NB,stuart-little-2,0.0
NB,the-wedding-singer,0.0
NB,cheaper-by-the-dozen-2003,0.0
NB,rihie-rih,0.0
NB,billy-madison,0.0
NB,new-york-minute,0.0
NB,the-great-gatsby,0.0
NB,the-notebook,0.0
NB,blazing-saddles,0.0
NB,the-animal,0.0
NB,hide-and-seek,0.0
NB,the-princess-diaries-2-royal-engagement,0.0
NB,confessions-of-a-teenage-drama-queen,0.0
NB,the-ruins,0.0
NB,we-are-marshall,0.0
NB,the-muppet-movie,0.0
NB,childs-play-2,0.0
NB,childs-play-3,0.0
NB,wild-hogs,0.0
NB,bring-it-on-all-or-nothing,0.0
NB,cinema-paradiso,0.0
NB,cinderella,0.0
NB,a-cinderella-story,0.0
NB,seed-of-chucky,0.0
NB,hellboy-ii-the-golden-army,0.0
NB,harold-kumar-go-to-white-castle,0.0
NB,nanny-mcphee,0.0
NB,a-league-of-their-own,0.0
NB,my-girl-2,0.0
NB,the-rescuers,0.0
NB,shutter-island,0.0
NB,never-been-kissed,0.0
NB,dumbo,0.0
NB,house-on-haunted-hill-1999,0.0
NB,tommy-boy,0.0
NB,the-santa-clause,0.0
NB,not-another-teen-movie,0.0
NB,memories-of-murder,0.0
NB,the-lion-king-3-hakuna-matata,0.0
NB,fever-pitch-2005,0.0
NB,herbie-fully-loaded,0.0
NB,sky-high-2005,0.0
NB,red-eye,0.0
NB,all-dogs-go-to-heaven,0.0
NB,pretty-in-pink,0.0
NB,the-sandlot,0.0
NB,sweet-home-alabama,0.0
NB,lilo-stitch,0.0
NB,cabin-fever,0.0
NB,small-soldiers,0.0
NB,the-haunting-1999,0.0
NB,flushed-away,0.0
NB,mamma-mia,0.0
NB,old-school,0.0
NB,are-we-there-yet,0.0
NB,guess-who,0.0
NB,101-dalmatians,0.0
NB,halloween-h20-20-years-later,0.0
NB,vertical-limit,0.0
NB,land-of-the-dead,0.0
NB,the-emperors-new-groove,0.0
NB,lemony-snickets-a-series-of-unfortunate-events,0.0
NB,white-noise,0.0
NB,beethoven,0.0
NB,wimbledon,0.0
NB,the-spongebob-squarepants-movie,0.0
NB,ju-on-the-grudge,0.0
NB,the-hot-chick,0.0
NB,big-fat-liar,0.0
NB,robin-hood,0.0
NB,snow-dogs,0.0
NB,kung-pow-enter-the-fist,0.0
NB,saw-v,0.0
NB,bride-of-chucky,0.0
NB,into-the-blue,0.0
NB,hercules-1997,0.0
NB,caddyshack,0.0
NB,alice-in-wonderland-1951,0.0
NB,jackass-number-two,0.0
NB,the-pink-panther,0.0
NB,step-brothers,0.0
NB,the-land-before-time,0.0
NB,white-chicks,0.0
NB,alice-in-wonderland-2010,0.0
NB,the-hurt-locker,0.0
NB,the-wrestler,0.0
NB,the-love-guru,0.0
NB,nick-and-norahs-infinite-playlist,0.0
NB,the-other-boleyn-girl,0.0
NB,white-fang-1991,0.0
NB,one-hundred-and-one-dalmatians,0.0
NB,oliver-company,0.0
NB,mulan-ii,0.0
NB,9,0.0
NB,spy-kids-3-d-game-over,0.0
NB,slumdog-millionaire,0.0
NB,underworld-rise-of-the-lycans,0.0
NB,harry-potter-and-the-deathly-hallows-part-1,0.0
NB,harry-potter-and-the-deathly-hallows-part-2,0.0
NB,grave-of-the-fireflies,0.0
NB,pokemon-the-movie-2000,0.0
NB,osmosis-jones,0.0
NB,the-house-bunny,0.0
NB,the-duchess,0.0
NB,futurama-the-beast-with-a-billion-backs,0.0
NB,bolt,0.0
NB,scooby-doo-on-zombie-island,0.0
NB,secondhand-lions,0.0
NB,watchmen,0.0
NB,bambi-ii,0.0
NB,gran-torino,0.0
NB,futurama-benders-game,0.0
NB,bad-news-bears,0.0
NB,ice-princess,0.0
NB,eight-crazy-nights,0.0
NB,how-the-grinch-stole-christmas,0.0
NB,olive-the-other-reindeer,0.0
NB,rudolph-the-red-nosed-reindeer,0.0
NB,santa-claus-is-comin-to-town,0.0
NB,kronks-new-groove,0.0
NB,october-sky,0.0
NB,star-trek,0.0
NB,high-school-musical-2,0.0
NB,101-dalmatians-ii-patchs-london-adventure,0.0
NB,annabelles-wish,0.0
NB,christmas-with-the-kranks,0.0
NB,the-game-plan,0.0
NB,home-on-the-range,0.0
NB,pocahontas-ii-journey-to-a-new-world,0.0
NB,the-santa-clause-3-the-escape-clause,0.0
NB,tuck-everlasting,0.0
NB,best-in-show,0.0
NB,quarantine,0.0
NB,superstar,0.0
NB,sweeney-todd-the-demon-barber-of-fleet-street-2007,0.0
NB,for-the-birds,0.0
NB,first-daughter,0.0
NB,cadet-kelly,0.0
NB,raise-your-voice,0.0
NB,nancy-drew,0.0
NB,up,0.0
NB,2012,0.0
NB,beauty-shop,0.0
NB,aquamarine,0.0
NB,the-adventures-of-sharkboy-and-lavagirl,0.0
NB,the-uninvited-2009,0.0
NB,marley-me,0.0
NB,the-wild-thornberrys-movie,0.0
NB,great-expectations,0.0
NB,almost-heroes,0.0
NB,drive-me-crazy,0.0
NB,ella-enchanted,0.0
NB,the-rugrats-movie,0.0
NB,black-beauty-1994,0.0
NB,gia,0.0
NB,paul-blart-mall-cop,0.0
NB,the-boy-in-the-striped-pyjamas,0.0
NB,fiddler-on-the-roof,0.0
NB,good-burger,0.0
NB,coraline,0.0
NB,chasing-liberty,0.0
NB,sid-and-nancy,0.0
NB,uptown-girls,0.0
NB,clockstoppers,0.0
NB,futurama-into-the-wild-green-yonder,0.0
NB,the-sound-of-music,0.0
NB,sixteen-candles,0.0
NB,hotel-for-dogs,0.0
NB,clue,0.0
NB,newsies,0.0
NB,role-models,0.0
NB,the-girl-with-the-dragon-tattoo,0.0
NB,snow-day,0.0
NB,the-perfect-man-2005,0.0
NB,an-extremely-goofy-movie,0.0
NB,a-goofy-movie,0.0
NB,selena,0.0
NB,rugrats-in-paris-the-movie,0.0
NB,where-the-wild-things-are,0.0
NB,adventureland,0.0
NB,kikis-delivery-service,0.0
NB,inglourious-basterds,0.0
NB,17-again,0.0
NB,agent-cody-banks-2-destination-london,0.0
NB,shutter,0.0
NB,crossroads-2002,0.0
NB,the-black-stallion,0.0
NB,moon,0.0
NB,year-one,0.0
NB,national-velvet,0.0
NB,district-9,0.0
NB,dudley-do-right,0.0
NB,because-of-winn-dixie,0.0
NB,my-dog-skip,0.0
NB,fired-up,0.0
NB,hannah-montana-the-movie,0.0
NB,the-twilight-saga-new-moon,0.0
NB,the-proposal-2009,0.0
NB,lady-and-the-tramp-ii-scamps-adventure,0.0
NB,the-country-bears,0.0
NB,night-at-the-museum-battle-of-the-smithsonian,0.0
NB,the-lizzie-mcguire-movie,0.0
NB,the-hangover,0.0
NB,clash-of-the-titans-2010,0.0
NB,jawbreaker,0.0
NB,josie-and-the-pussycats,0.0
NB,i-love-you-beth-cooper,0.0
NB,zombieland,0.0
NB,500-days-of-summer,0.0
NB,the-brave-little-toaster,0.0
NB,jennifers-body,0.0
NB,avatar,0.0
NB,despicable-me,0.0
NB,digimon-the-movie,0.0
NB,the-book-of-eli,0.0
NB,air-bud,0.0
NB,air-bud-world-pup,0.0
NB,the-road,0.0
NB,balto,0.0
NB,orphan,0.0
NB,twitches,0.0
NB,air-bud-seventh-inning-fetch,0.0
NB,air-bud-golden-receiver,0.0
NB,scott-pilgrim-vs-the-world,0.0
NB,cloudy-with-a-chance-of-meatballs,0.0
NB,saw-vi,0.0
NB,the-fourth-kind,0.0
NB,the-blind-side,0.0
NB,its-complicated,0.0
NB,up-in-the-air,0.0
NB,the-cabin-in-the-woods,0.0
NB,dear-john,0.0
NB,hot-tub-time-machine,0.0
NB,the-town,0.0
NB,remember-me,0.0
NB,kick-ass,0.0
NB,sucker-punch,0.0
NB,paranormal-activity,0.0
NB,johnny-tsunami,0.0
NB,the-twilight-saga-eclipse,0.0
NB,the-little-vampire,0.0
NB,the-time-travelers-wife,0.0
NB,the-avengers-2012,0.0
NB,beethovens-3rd,0.0
NB,beethovens-4th,0.0
NB,air-bud-spikes-back,0.0
NB,julie-julia,0.0
NB,prancer,0.0
NB,get-a-clue,0.0
NB,now-you-see-it,0.0
NB,taking-woodstock,0.0
NB,ju-on-white-ghost,0.0
NB,the-other-guys,0.0
NB,halloweentown,0.0
NB,hachi-a-dogs-tale,0.0
NB,mother-2009,0.0
NB,the-texas-chain-saw-massacre,0.0
NB,my-date-with-the-presidents-daughter,0.0
NB,ju-on-the-curse,0.0
NB,the-cheetah-girls,0.0
NB,gay-purr-ee,0.0
NB,valentines-day,0.0
NB,it-takes-two,0.0
NB,halloweentown-ii-kalabars-revenge,0.0
NB,halloweentown-high,0.0
NB,our-lips-are-sealed,0.0
NB,zenon-girl-of-the-21st-century,0.0
NB,death-at-a-funeral-2010,0.0
NB,smart-house,0.0
NB,the-last-song,0.0
NB,switching-goals,0.0
NB,casino-royale-2006,0.0
NB,blade,0.0
NB,x-men,0.0
NB,x2,0.0
NB,x-men-the-last-stand,0.0
NB,ju-on-black-ghost,0.0
NB,life-size,0.0
NB,tarzan,0.0
NB,the-truman-show,0.0
NB,the-human-centipede-first-sequence,0.0
NB,the-cheetah-girls-2,0.0
NB,splice,0.0
NB,skyfall,0.0
NB,easy-a,0.0
NB,sex-and-the-city-2,0.0
NB,the-social-network,0.0
NB,megamind,0.0
NB,beastly,0.0
NB,eat-pray-love,0.0
NB,transformers-dark-of-the-moon,0.0
NB,grown-ups,0.0
NB,tangled-2010,0.0
NB,when-in-rome,0.0
NB,real-steel,0.0
NB,men-in-black-3,0.0
NB,paranormal-activity-2,0.0
NB,saw-3d,0.0
NB,scream-4,0.0
NB,no-strings-attached,0.0
NB,never-let-me-go-2010,0.0
NB,young-black-stallion,0.0
NB,cinderella-1997,0.0
NB,tower-of-terror,0.0
NB,soul-surfer,0.0
NB,127-hours,0.0
NB,ju-on-the-curse-2,0.0
NB,black-swan,0.0
NB,true-grit-2010,0.0
NB,rango,0.0
NB,green-lantern,0.0
NB,the-hangover-part-ii,0.0
NB,the-luck-of-the-irish,0.0
NB,rio-2011,0.0
NB,tucker-and-dale-vs-evil,0.0
NB,the-adventures-of-milo-and-otis,0.0
NB,cars-2,0.0
NB,insidious,0.0
NB,the-dark-knight-rises,0.0
NB,all-quiet-on-the-western-front-2022,0.0
NB,gravity-2013,0.0
NB,the-hobbit-an-unexpected-journey,0.0
NB,kung-fu-panda-2,0.0
NB,the-croods,0.0
NB,man-of-steel,0.0
NB,ripd,0.0
NB,in-time,0.0
NB,x-men-first-class,0.0
NB,cowboys-aliens,0.0
NB,the-help,0.0
NB,friends-with-benefits,0.0
NB,just-go-with-it,0.0
NB,the-twilight-saga-breaking-dawn-part-1,0.0
NB,the-twilight-saga-breaking-dawn-part-2,0.0
NB,crazy-stupid-love,0.0
NB,horrible-bosses,0.0
NB,one-day-2011,0.0
NB,limitless,0.0
NB,seventeen-again,0.0
NB,passport-to-paris,0.0
NB,star-trek-into-darkness,0.0
NB,bridesmaids,0.0
NB,billboard-dad,0.0
NB,the-hobbit-the-desolation-of-smaug,0.0
NB,project-x-2012,0.0
NB,ice-age-continental-drift,0.0
NB,pride-and-prejudice-and-zombies,0.0
NB,sherlock-holmes-a-game-of-shadows,0.0
NB,snow-white-and-the-huntsman,0.0
NB,midnight-in-paris,0.0
NB,looper,0.0
NB,shutter-2008,0.0
NB,ghostbusters,0.0
NB,the-thing-2011,0.0
NB,silent-hill-revelation-3d,0.0
NB,super-8,0.0
NB,wendy-wu-homecoming-warrior,0.0
NB,rise-of-the-planet-of-the-apes,0.0
NB,brave-2012,0.0
NB,monsters-university,0.0
NB,dark-shadows,0.0
NB,star-wars,0.0
NB,finding-nemo,0.0
NB,forrest-gump,0.0
NB,pirates-of-the-caribbean-the-curse-of-the-black-pearl,0.0
NB,kill-bill-vol-1,0.0
NB,eternal-sunshine-of-the-spotless-mind,0.0
NB,the-woman-in-black-2012,0.0
NB,the-girl-with-the-dragon-tattoo-2011,0.0
NB,the-great-gatsby-2013,0.0
NB,21-jump-street,0.0
RZ,blue-moon-2025,4.0
RZ,train-dreams,3.5
RZ,the-secret-agent-2025,5.0
RZ,wuthering-heights-2026,1.0
RZ,the-moment-2026,3.0
RZ,pillion-2025,3.0
RZ,send-help,4.0
RZ,28-years-later-the-bone-temple,4.0
RZ,the-testament-of-ann-lee,4.5
RZ,marty-supreme,4.0
RZ,after-the-hunt-2025,2.5
RZ,sorry-baby-2025,3.5
RZ,friendship-2024,3.0
RZ,warfare,2.0
RZ,splitsville,4.0
RZ,mickey-17,3.0
RZ,28-years-later,3.5
RZ,one-battle-after-another,4.5
RZ,black-bag-2025,4.5
RZ,materialists,3.0
RZ,eddington,4.0
RZ,the-fantastic-4-first-steps,2.5
RZ,superman-2025,3.5
RZ,frankenstein-2025,2.5
RZ,a-house-of-dynamite,3.0
RZ,hamnet,4.5
RZ,wicked-for-good,3.5
RZ,die-my-love,3.0
RZ,it-was-just-an-accident,4.0
RZ,sentimental-value-2025,4.0
RZ,springsteen-deliver-me-from-nowhere,2.0
RZ,bugonia,3.0
RZ,kpop-demon-hunters,4.0
RZ,lurker-2025,3.0
RZ,honey-dont,3.5
RZ,weapons-2025,4.0
RZ,sinners-2025,5.0
RZ,the-naked-gun,5.0
RZ,emilia-perez,1.0
RZ,im-still-here-2024,4.5
RZ,companion-2025,3.5
RZ,nickel-boys,4.5
RZ,one-of-them-days,4.0
RZ,hard-truths-2024,3.0
RZ,nosferatu-2024,3.0
RZ,babygirl-2024,4.5
RZ,the-brutalist,5.0
RZ,nightbitch,2.5
RZ,anora,4.5
RZ,queer-2024,2.5
RZ,blitz-2024,4.0
RZ,a-real-pain,4.5
RZ,wicked-2024,4.0
RZ,gladiator-ii,2.5
RZ,conclave,4.0
RZ,the-outrun,4.0
RZ,the-substance,3.0
RZ,speak-no-evil-2024,3.5
RZ,kneecap,4.5
RZ,trap-2024,3.5
RZ,twisters,3.0
RZ,longlegs,3.5
RZ,sing-sing-2023,4.0
RZ,kinds-of-kindness,3.0
RZ,challengers,4.0
TA,hope-2026,3.5
TA,the-mandalorian-and-grogu,1.0
TA,coyote-vs-acme,3.5
TA,to-live-and-die-in-la,4.5
TA,michael-clayton,4.0
TA,seven-samurai,5.0
TA,the-end-of-oak-street,2.0
TA,gone-girl,4.5
TA,tony-2026,4.5
TA,the-adjustment-bureau,2.0
TA,a-fish-called-wanda,4.0
TA,the-sheep-detectives,3.0
TA,spider-man-brand-new-day,4.0
TA,king-of-new-york,4.5
TA,troy,5.0
TA,the-odyssey-2026,4.5
TA,the-big-lebowski,4.5
TA,the-last-samurai,4.0
TA,the-usual-suspects,4.0
TA,fargo,4.0
TA,money-talks,2.5
TA,the-death-of-robin-hood,3.0
TA,disclosure-day,3.0
TA,backrooms-2026,3.5
TA,obsession-2025,4.5
TA,scary-movie-2026,2.0
TA,room-2015,4.0
TA,vanilla-sky,3.0
TA,war-of-the-worlds,4.5
TA,close-encounters-of-the-third-kind,4.0
TA,minority-report,3.0
TA,apex-2026,2.5
TA,project-hail-mary,3.5
TA,the-drama,3.5
TA,the-master-2012,4.0
TA,peaky-blinders-the-immortal-man,1.5
TA,the-silence-of-the-lambs,5.0
TA,before-sunrise,4.5
TA,another-round,4.0
TA,the-hurt-locker,4.5
TA,the-secret-agent-2025,4.0
TA,oldboy,4.5
TA,barry-lyndon,4.0
TA,oceans-eleven-2001,3.5
TA,good-fortune-2025,3.0
TA,wuthering-heights-2026,1.5
TA,nirvanna-the-band-the-show-the-movie,4.5
TA,eternity-2025-1,3.0
TA,send-help,4.0
TA,28-years-later-the-bone-temple,2.0
TA,hamnet,4.5
TA,the-testament-of-ann-lee,4.0
TA,avatar-fire-and-ash,4.0
TA,the-smashing-machine-2025,2.5
TA,the-rip-2026,2.5
TA,the-housemaid-2025,2.5
TA,splitsville,4.0
TA,marty-supreme,4.5
TA,roofman,3.5
TA,some-like-it-hot,4.5
TA,anaconda-2025,2.5
TA,wake-up-dead-man,3.5
TA,relay-2024,3.5
TA,red-one,2.0
TA,home-alone-2-lost-in-new-york,4.5
TA,havoc-2025,0.5
TA,den-of-thieves-2-pantera,2.5
TA,this-is-spinal-tap,4.0
TA,casablanca,5.0
TA,sentimental-value-2025,4.5
TA,jay-kelly,2.0
TA,no-other-choice-2025,4.5
TA,sorry-baby-2025,4.5
TA,train-dreams,4.0
TA,eddington,3.0
TA,caught-stealing,3.0
TA,back-to-the-future-part-ii,3.5
TA,back-to-the-future,5.0
TA,materialists,3.0
TA,wicked-for-good,3.0
TA,paris-texas,4.0
TA,a-house-of-dynamite,3.0
TA,frankenstein-2025,3.5
TA,it-was-just-an-accident,3.5
TA,the-running-man-2025,3.5
TA,predator-badlands,3.5
TA,boogie-nights,5.0
TA,it-2017,2.5
TA,bugonia,4.0
TA,i-know-what-you-did-last-summer-2025,2.5
TA,cuckoo-2024,3.0
TA,arrival-2016,4.5
TA,apocalypse-now,5.0
TA,mean-streets,4.5
TA,the-order-2024,3.5
TA,blink-twice,2.0
TA,one-battle-after-another,4.5
TA,the-long-walk-2025,4.0
TA,the-dark-knight-rises,4.0
TA,the-dark-knight,4.5
TA,batman-begins,4.0
TA,sicario-2015,5.0
TA,a-clockwork-orange,3.5
TA,the-fantastic-4-first-steps,4.0
TA,weapons-2025,4.5
TA,the-naked-gun,4.0
TA,v-for-vendetta,4.5
TA,chinatown,4.5
TA,dog-day-afternoon,4.0
TA,the-town,4.5
TA,superman-2025,3.5
TA,almost-famous,4.5
TA,jurassic-world-rebirth,3.0
TA,from-dusk-till-dawn,3.5
TA,f1,4.0
TA,burn-after-reading,4.0
TA,fruitvale-station,4.0
TA,novocaine-2025,2.5
TA,28-years-later,4.0
TA,friendship-2024,3.0
TA,the-phoenician-scheme,3.5
TA,legends-of-the-fall,4.0
TA,the-deer-hunter,4.5
TA,28-weeks-later,3.0
TA,the-marvels,2.0
TA,ballerina-2025,4.0
TA,the-thing,5.0
TA,captain-america-brave-new-world,2.5
TA,black-bag-2025,4.0
TA,the-conversation,4.0
TA,psycho,4.0
TA,mission-impossible-the-final-reckoning,3.0
TA,the-accountant-2025,3.5
TA,mission-impossible-fallout,4.5
TA,mission-impossible-rogue-nation,4.5
TA,mission-impossible-ghost-protocol,4.0
TA,mission-impossible-iii,3.5
TA,mission-impossible-ii,2.5
TA,mission-impossible,3.5
TA,thunderbolts,2.0
TA,warfare,4.0
TA,sinners-2025,5.0
TA,children-of-men,5.0
TA,moneyball,4.0
TA,the-black-phone,4.0
TA,kiss-kiss-bang-bang-2005,2.5
TA,venom-the-last-dance,2.5
TA,the-gorge-2025,2.5
TA,mickey-17,3.5
TA,eyes-wide-shut,4.5
TA,heretic-2024,3.0
TA,the-lord-of-the-rings-the-war-of-the-rohirrim,2.5
TA,the-monkey-2025,2.5
TA,horizon-an-american-saga-chapter-1,3.5
TA,flow-2024,3.5
TA,one-of-them-days,2.5
TA,companion-2025,4.0
TA,nickel-boys,4.5
TA,a-different-man,4.0
TA,memoir-of-a-snail,4.0
TA,im-still-here-2024,4.0
TA,a-complete-unknown,4.0
TA,the-wild-robot,3.0
TA,emilia-perez,2.0
TA,i-saw-the-tv-glow,2.5
TA,watchmen-chapter-i,3.0
TA,28-days-later,4.0
TA,nosferatu-2024,4.0
TA,nosferatu,4.0
TA,when-harry-met-sally,4.0
TA,joker-folie-a-deux,2.0
TA,beetlejuice-beetlejuice,3.0
TA,the-brutalist,4.5
TA,a-real-pain,3.5
TA,anora,4.5
TA,gladiator-ii,3.0
TA,wicked-2024,4.0
TA,the-wizard-of-oz-1939,4.5
TA,gladiator-2000,5.0
TA,the-lighthouse-2019,3.0
TA,theater-camp-2023,2.0
TA,a-history-of-violence,4.0
TA,twilight-2008,2.0
TA,the-substance,4.0
TA,juror-2,3.5
TA,conclave,4.0
TA,the-princess-bride,4.0
TA,heat-1995,4.0
TA,before-sunset,4.5
TA,megalopolis-2024,4.0
TA,haunted-mansion-2023,1.5
TA,train-to-busan,4.0
TA,beetlejuice,3.0
TA,speak-no-evil-2024,3.5
TA,doctor-sleep,3.0
TA,strange-darling,4.5
TA,good-time,4.0
TA,the-ministry-of-ungentlemanly-warfare,2.0
TA,the-creator-2023,2.0
TA,talk-to-me-2022,4.0
TA,alien-covenant,2.5
TA,prometheus,3.0
TA,knight-and-day,2.5
TA,alien-romulus,4.0
TA,aliens,4.0
TA,alien,4.5
TA,watchmen,4.0
TA,deadpool-wolverine,1.5
TA,trap-2024,3.5
TA,house-of-gucci,2.0
TA,twisters,3.0
TA,before-midnight,4.0
TA,the-gentlemen,4.0
TA,a-quiet-place-day-one,3.5
TA,coco-2017,4.5
TA,a-quiet-place-part-ii,4.0
TA,mamma-mia-here-we-go-again,2.0
TA,mamma-mia,3.0
TA,a-quiet-place-2018,4.5
TA,the-bikeriders,3.0
TA,hit-man-2023,3.0
TA,inside-out-2-2024,2.5
TA,inside-out-2015,3.0
TA,the-fall-guy-2024,4.0
TA,furiosa-a-mad-max-saga,4.0
TA,in-a-violent-nature,3.5
TA,watcher,3.5
TA,kingdom-of-the-planet-of-the-apes,4.0
TA,challengers,4.0
TA,war-for-the-planet-of-the-apes,4.0
TA,arcadian,2.5
TA,dawn-of-the-planet-of-the-apes,4.0
TA,monkey-man,4.0
TA,rise-of-the-planet-of-the-apes,3.5
TA,memento,3.5
TA,civil-war-2024,4.0
TA,the-iron-claw-2023,4.0
TA,soul-2020,4.0
TA,late-night-with-the-devil,3.5
TA,mad-max-fury-road,4.0
TA,dune-2021,5.0
TA,poor-things-2023,4.0
TA,dune-part-two,5.0
TA,the-taste-of-things,4.0
TA,priscilla,2.5
TA,good-boys-2019,3.5
TA,dazed-and-confused,4.0
TA,the-holdovers,4.0
TA,the-zone-of-interest,4.0
TA,maestro-2023,3.0
TA,saltburn,2.5
TA,rebel-moon-part-one-a-child-of-fire,1.5
TA,hustlers-2019,2.5
TA,american-fiction,4.0
TA,anatomy-of-a-fall,4.0
TA,harry-potter-and-the-half-blood-prince,4.0
TA,the-lord-of-the-rings-the-fellowship-of-the-ring,5.0
TA,the-lord-of-the-rings-the-two-towers,5.0
TA,collateral,4.0
TA,anyone-but-you,3.0
TA,harry-potter-and-the-deathly-hallows-part-2,3.0
TA,harry-potter-and-the-deathly-hallows-part-1,3.0
TA,casino-royale-2006,4.0
TA,the-prestige,4.0
TA,wonka,4.0
TA,crazy-stupid-love,4.5
TA,may-december,4.0
TA,airplane,3.5
TA,the-angry-black-girl-and-her-monster,1.0
TA,napoleon-2023,3.0
TA,godzilla-minus-one,4.5
TA,family-switch,4.0
TA,elemental-2023,3.0
TA,red-dragon,3.5
TA,hannibal,4.0
TA,blazing-saddles,3.0
TA,paddington-2,4.0
TA,the-hunger-games-the-ballad-of-songbirds-snakes,3.5
TA,past-lives,4.0
TA,american-made,3.0
TA,the-killer-2023,4.0
TA,the-last-of-the-mohicans-1992,3.0
TA,no-hard-feelings-2023,3.0
TA,gangs-of-new-york-2002,4.0
TA,killers-of-the-flower-moon,4.0
TA,scream,4.0
TA,barbarian-2022,4.5
TA,lakota-nation-vs-united-states,3.0
TA,se7en,4.0
TA,rmn,3.5
TA,bottoms,3.5
TA,silver-linings-playbook,4.0
TA,good-will-hunting,4.5
TA,golda-2023,3.0
TA,black-swan,3.0
TA,2001-a-space-odyssey,4.0
TA,oppenheimer-2023,4.5
TA,sympathy-for-the-devil-2023,3.5
TA,the-nice-guys,4.5
TA,renfield,3.5
TA,full-metal-jacket,4.0
TA,no-country-for-old-men,4.0
TA,the-lord-of-the-rings-the-return-of-the-king,5.0
TA,ex-machina-2015,5.0
TA,logan-2017,5.0
TA,interstellar,5.0
TA,barbie,3.5
TA,mission-impossible-dead-reckoning,4.5
TA,captain-america-civil-war,4.0
TA,paddington,4.5
TA,biosphere-2022,2.0
TA,indiana-jones-and-the-kingdom-of-the-crystal-skull,3.0
TA,last-night-in-soho,4.0
TA,indiana-jones-and-the-last-crusade,4.0
TA,indiana-jones-and-the-temple-of-doom,2.5
TA,raiders-of-the-lost-ark,4.0
TA,indiana-jones-and-the-dial-of-destiny,3.0
TA,asteroid-city,4.0
TA,the-giver,3.0
TA,blackberry-2023,4.0
TA,air-2023,3.0
TA,the-flash,2.5
TA,guardians-of-the-galaxy-vol-3,4.0
TA,suitable-flesh,1.0
TA,the-shining,4.5
TA,the-fight-machine,4.0
TA,spider-man-across-the-spider-verse,4.5
TA,the-disappearance-of-shere-hite,3.5
TA,the-outfit-2022,3.5
TA,plane-2023,3.5
TA,knock-at-the-cabin,3.5
TA,aftersun,4.5
TA,triangle-of-sadness,2.0
TA,ant-man-and-the-wasp-quantumania,3.0
TA,cocaine-bear,0.5
TA,m3gan,4.0
TA,dungeons-dragons-honor-among-thieves,3.5
TA,guy-ritchies-the-covenant,4.5
TA,john-wick-chapter-4,4.5
TA,the-last-kingdom-seven-kings-must-die,2.5
TA,creed-iii,3.5
TA,river-2026-1,0.0
TA,over-your-dead-body-2026,0.0
TA,the-luckiest-man-in-america,0.0
TA,dangerous-animals,0.0
TA,if-i-had-legs-id-kick-you,0.0
TA,skincare-2024,0.0
TA,armand,0.0
TA,moon-knight-2022,0.0
TA,ash-2025,0.0
TA,obi-wan-kenobi,0.0
TA,harry-potter-20th-anniversary-return-to-hogwarts,0.0
TA,violent-night,0.0
TA,hawkeye-2021,0.0
TA,squid-game,0.0
TA,marcel-the-shell-with-shoes-on-2021,0.0
TA,the-beekeeper-2024,0.0
TA,midnight-mass-2021,0.0
TA,tar-2022,0.0
TA,the-fabelmans,0.0
TA,zack-snyders-justice-league,0.0
TA,women-talking,0.0
TA,coda-2021,0.0
TA,prey-2022,0.0
TA,ambulance-2022,0.0
TA,nope,0.0
TA,drive-my-car,0.0
TA,day-shift-2022,0.0
TA,loki-2021,0.0
TA,the-falcon-and-the-winter-soldier,0.0
TA,wandavision,0.0
TA,the-queens-gambit,0.0
TA,the-woman-king,0.0
TA,bullet-train,0.0
TA,lightyear-2022,0.0
TA,licorice-pizza,0.0
TA,hustle-2022,0.0
TA,the-banshees-of-inisherin,0.0
TA,glass-onion,0.0
TA,watchmen-2019,0.0
TA,the-unbearable-weight-of-massive-talent,0.0
TA,dont-look-up-2021,0.0
TA,the-northman,0.0
TA,spider-man-no-way-home,0.0
TA,spirited,0.0
TA,old-2021,0.0
TA,the-matrix-resurrections,0.0
TA,the-last-duel-2021,0.0
TA,thor-love-and-thunder,0.0
TA,spiderhead,0.0
TA,minari,0.0
TA,elvis-2022,0.0
TA,king-richard,0.0
TA,chernobyl,0.0
TA,the-power-of-the-dog,0.0
TA,nightmare-alley-2021,0.0
TA,the-menu-2022,0.0
TA,fear-street-1978,0.0
TA,fear-street-1994,0.0
TA,palm-springs-2020,0.0
TA,judas-and-the-black-messiah,0.0
TA,venom-let-there-be-carnage,0.0
TA,rrr,0.0
TA,the-king-of-staten-island,0.0
TA,tenet,0.0
TA,ready-or-not-2019,0.0
TA,shang-chi-and-the-legend-of-the-ten-rings,0.0
TA,el-camino-a-breaking-bad-movie,0.0
TA,the-green-knight,0.0
TA,guillermo-del-toros-pinocchio,0.0
TA,the-haunting-2018,0.0
TA,the-old-guard-2020,0.0
TA,knives-out-2019,0.0
TA,everything-everywhere-all-at-once,0.0
TA,1917,0.0
TA,midsommar,0.0
TA,eternals,0.0
TA,greenland,0.0
TA,bodies-bodies-bodies,0.0
TA,jojo-rabbit,0.0
TA,jumanji-the-next-level,0.0
TA,west-side-story-2021,0.0
TA,turning-red,0.0
TA,jurassic-world-dominion,0.0
TA,booksmart,0.0
TA,the-king-2019,0.0
TA,black-widow-2021,0.0
TA,parasite-2019,0.0
TA,birds-of-prey-and-the-fantabulous-emancipation-of-one-harley-quinn,0.0
TA,hereditary,0.0
TA,marriage-story-2019,0.0
TA,eighth-grade,0.0
TA,blackkklansman,0.0
TA,a-simple-favor,0.0
TA,creed-ii,0.0
TA,men-in-black-international,0.0
TA,the-kings-man,0.0
TA,joker-2019,0.0
TA,it-chapter-two,0.0
TA,uncut-gems,0.0
TA,once-upon-a-time-in-hollywood,0.0
TA,wonder-woman-1984,0.0
TA,us-2019,0.0
TA,john-wick-chapter-3-parabellum,0.0
TA,doctor-strange-in-the-multiverse-of-madness,0.0
TA,glass-2019,0.0
TA,bad-times-at-the-el-royale,0.0
TA,game-night,0.0
TA,minions-the-rise-of-gru,0.0
TA,the-suicide-squad,0.0
TA,black-adam,0.0
TA,spider-man-far-from-home,0.0
TA,roma-2018,0.0
TA,bumblebee,0.0
TA,bohemian-rhapsody,0.0
TA,halloween-2018,0.0
TA,aladdin-2019,0.0
TA,maleficent-mistress-of-evil,0.0
TA,get-out-2017,0.0
TA,the-big-sick,0.0
TA,the-batman,0.0
TA,bird-box,0.0
TA,ralph-breaks-the-internet,0.0
TA,phantom-thread,0.0
TA,godzilla-vs-kong,0.0
TA,logan-lucky,0.0
TA,the-shape-of-water,0.0
TA,the-irishman-2019,0.0
TA,call-me-by-your-name,0.0
TA,mollys-game,0.0
TA,wind-river-2017,0.0
TA,fences-2016,0.0
TA,lady-bird,0.0
TA,the-hitmans-bodyguard,0.0
TA,i-tonya,0.0
TA,f9,0.0
TA,fast-furious-presents-hobbs-shaw,0.0
TA,deadpool-2,0.0
TA,split-2016,0.0
TA,space-jam-a-new-legacy,0.0
TA,moonlight-2016,0.0
TA,dunkirk-2017,0.0
TA,godzilla-king-of-the-monsters-2019,0.0
TA,no-time-to-die-2021,0.0
TA,ant-man-and-the-wasp,0.0
TA,top-gun-maverick,0.0
TA,three-billboards-outside-ebbing-missouri,0.0
TA,ford-v-ferrari,0.0
TA,jumanji-welcome-to-the-jungle,0.0
TA,jurassic-world-fallen-kingdom,0.0
TA,solo-a-star-wars-story,0.0
TA,kingsman-the-golden-circle,0.0
TA,nocturnal-animals,0.0
TA,baby-driver,0.0
TA,zombieland-double-tap,0.0
TA,fantastic-beasts-the-secrets-of-dumbledore,0.0
TA,fantastic-beasts-the-crimes-of-grindelwald,0.0
TA,hell-or-high-water,0.0
TA,the-fate-of-the-furious,0.0
TA,maze-runner-the-death-cure,0.0
TA,blade-runner-2049,0.0
TA,venom-2018,0.0
TA,ouija-origin-of-evil,0.0
TA,uncharted-2022,0.0
TA,lion,0.0
TA,manchester-by-the-sea,0.0
TA,10-cloverfield-lane,0.0
TA,ready-player-one,0.0
TA,a-star-is-born-2018,0.0
TA,little-women-2019,0.0
TA,rogue-one-a-star-wars-story,0.0
TA,spider-man-into-the-spider-verse,0.0
TA,the-lego-batman-movie,0.0
TA,hacksaw-ridge,0.0
TA,jason-bourne,0.0
TA,john-wick-chapter-2,0.0
TA,dark-phoenix,0.0
TA,the-big-short,0.0
TA,spider-man-homecoming,0.0
TA,puss-in-boots-the-last-wish,0.0
TA,la-la-land,0.0
TA,creed,0.0
TA,the-witch-2015,0.0
TA,dope-2015,0.0
TA,war-dogs-2016,0.0
TA,southpaw-2015,0.0
TA,toy-story-4,0.0
TA,annihilation,0.0
TA,captain-marvel,0.0
TA,avengers-infinity-war,0.0
TA,avengers-endgame,0.0
TA,aquaman-2018,0.0
TA,wonder-woman-2017,0.0
TA,suicide-squad-2016,0.0
TA,bridge-of-spies,0.0
TA,maze-runner-the-scorch-trials,0.0
TA,the-age-of-adaline,0.0
TA,deadpool,0.0
TA,kong-skull-island,0.0
TA,terminator-dark-fate,0.0
TA,shazam,0.0
TA,the-martian,0.0
TA,black-panther,0.0
TA,thor-ragnarok,0.0
TA,doctor-strange-2016,0.0
TA,guardians-of-the-galaxy-vol-2,0.0
TA,the-revenant-2015,0.0
TA,the-hateful-eight,0.0
TA,zootopia,0.0
TA,black-mass-2015,0.0
TA,incredibles-2,0.0
TA,the-conjuring-2,0.0
TA,fantastic-beasts-and-where-to-find-them,0.0
TA,focus-2015,0.0
TA,the-lobster,0.0
TA,annabelle,0.0
TA,x-men-apocalypse,0.0
TA,john-wick,0.0
TA,whiplash-2014,0.0
TA,nightcrawler,0.0
TA,the-babadook,0.0
TA,the-interview-2014,0.0
TA,fury-2014,0.0
TA,unbroken,0.0
TA,sausage-party,0.0
TA,ted-2,0.0
TA,batman-v-superman-dawn-of-justice,0.0
TA,kingsman-the-secret-service,0.0
TA,spectre-2015,0.0
TA,the-imitation-game,0.0
TA,the-man-from-uncle,0.0
TA,the-maze-runner,0.0
TA,neighbors-2014,0.0
TA,birdman-or-the-unexpected-virtue-of-ignorance,0.0
TA,american-sniper,0.0
TA,a-million-ways-to-die-in-the-west,0.0
TA,22-jump-street,0.0
TA,star-wars-the-last-jedi,0.0
TA,star-wars-the-rise-of-skywalker,0.0
TA,big-hero-6,0.0
TA,american-hustle,0.0
TA,furious-7,0.0
TA,pirates-of-the-caribbean-dead-men-tell-no-tales,0.0
TA,the-purge,0.0
TA,divergent,0.0
TA,the-equalizer,0.0
TA,her,0.0
TA,prisoners,0.0
TA,justice-league,0.0
TA,star-wars-the-force-awakens,0.0
TA,were-the-millers,0.0
TA,the-conjuring,0.0
TA,edge-of-tomorrow,0.0
TA,jurassic-world,0.0
TA,pain-gain,0.0
TA,the-hunger-games-mockingjay-part-1,0.0
TA,the-hunger-games-mockingjay-part-2,0.0
TA,x-men-days-of-future-past,0.0
TA,finding-dory,0.0
TA,godzilla-2014,0.0
TA,the-hobbit-the-battle-of-the-five-armies,0.0
TA,the-grand-budapest-hotel,0.0
TA,guardians-of-the-galaxy,0.0
TA,pitch-perfect,0.0
TA,snowpiercer,0.0
TA,captain-phillips,0.0
TA,the-hangover-part-iii,0.0
TA,frozen-2013,0.0
TA,this-is-the-end,0.0
TA,the-worlds-end,0.0
TA,the-wolf-of-wall-street,0.0
TA,ant-man,0.0
TA,maleficent,0.0
TA,the-amazing-spider-man-2,0.0
TA,the-hunger-games-catching-fire,0.0
TA,captain-america-the-winter-soldier,0.0
TA,avengers-age-of-ultron,0.0
TA,zero-dark-thirty,0.0
TA,transformers-age-of-extinction,0.0
TA,this-is-40,0.0
TA,terminator-genisys,0.0
TA,fast-furious-6,0.0
TA,wreck-it-ralph,0.0
TA,warm-bodies,0.0
TA,enders-game,0.0
TA,end-of-watch,0.0
TA,thor-the-dark-world,0.0
TA,12-years-a-slave,0.0
TA,the-wolverine,0.0
TA,jack-reacher,0.0
TA,oblivion-2013,0.0
TA,now-you-see-me,0.0
TA,the-grey,0.0
TA,halloween-1978,0.0
TA,the-hunger-games,0.0
TA,ted,0.0
TA,world-war-z,0.0
TA,django-unchained,0.0
TA,iron-man-3,0.0
TA,elysium-2013,0.0
TA,pacific-rim,0.0
TA,argo,0.0
TA,pirates-of-the-caribbean-dead-mans-chest,0.0
TA,8-mile,0.0
TA,american-history-x,0.0
TA,beverly-hills-cop,0.0
TA,armageddon,0.0
TA,leon-the-professional,0.0
TA,taxi-driver,0.0
TA,predator,0.0
TA,snatch,0.0
TA,scarface-1983,0.0
TA,pretty-woman,0.0
TA,the-untouchables,0.0
TA,charlie-and-the-chocolate-factory,0.0
TA,spirited-away,0.0
TA,groundhog-day,0.0
TA,oceans-twelve,0.0
TA,saw,0.0
TA,sin-city,0.0
TA,braveheart,0.0
TA,north-by-northwest,0.0
TA,the-terminator,0.0
TA,the-godfather,0.0
TA,the-godfather-part-ii,0.0
TA,the-godfather-part-iii,0.0
TA,willy-wonka-the-chocolate-factory,0.0
TA,king-kong-2005,0.0
TA,batman-1989,0.0
TA,the-shawshank-redemption,0.0
TA,terminator-2-judgment-day,0.0
TA,pirates-of-the-caribbean-at-worlds-end,0.0
TA,oceans-thirteen,0.0
TA,bruce-almighty,0.0
TA,jurassic-park,0.0
TA,the-lost-world-jurassic-park,0.0
TA,jurassic-park-iii,0.0
TA,the-devil-wears-prada,0.0
TA,batman-returns,0.0
TA,inside-man,0.0
TA,kill-bill-vol-2,0.0
TA,the-chronicles-of-narnia-the-lion-the-witch-and-the-wardrobe,0.0
TA,batman-forever,0.0
TA,batman-robin,0.0
TA,ice-age,0.0
TA,the-good-the-bad-and-the-ugly,0.0
TA,the-day-after-tomorrow,0.0
TA,a-beautiful-mind,0.0
TA,borat-cultural-learnings-of-america-for-make-benefit-glorious-nation-of-kazakhstan,0.0
TA,the-green-mile,0.0
TA,reservoir-dogs,0.0
TA,casino,0.0
TA,fight-club,0.0
TA,spider-man,0.0
TA,spider-man-2,0.0
TA,spider-man-3,0.0
TA,die-hard,0.0
TA,the-mummy-1999,0.0
TA,jaws,0.0
TA,2-fast-2-furious,0.0
TA,monsters-inc,0.0
TA,titanic-1997,0.0
TA,independence-day,0.0
TA,the-matrix,0.0
TA,the-matrix-reloaded,0.0
TA,the-matrix-revolutions,0.0
TA,men-in-black,0.0
TA,men-in-black-ii,0.0
TA,the-passion-of-the-christ,0.0
TA,grease,0.0
TA,bridget-joness-diary,0.0
TA,catch-me-if-you-can-2002,0.0
TA,boyz-n-the-hood,0.0
TA,harry-potter-and-the-philosophers-stone,0.0
TA,harry-potter-and-the-chamber-of-secrets,0.0
TA,harry-potter-and-the-prisoner-of-azkaban,0.0
TA,harry-potter-and-the-goblet-of-fire,0.0
TA,harry-potter-and-the-order-of-the-phoenix,0.0
TA,pulp-fiction,0.0
TA,meet-the-fockers,0.0
TA,goldeneye,0.0
TA,top-gun,0.0
TA,the-sixth-sense,0.0
TA,shaun-of-the-dead,0.0
TA,face-off,0.0
TA,goodfellas,0.0
TA,home-alone,0.0
TA,mr-mrs-smith-2005,0.0
TA,mrs-doubtfire,0.0
TA,platoon,0.0
TA,shrek,0.0
TA,shrek-2,0.0
TA,shrek-the-third,0.0
TA,aladdin,0.0
TA,austin-powers-international-man-of-mystery,0.0
TA,austin-powers-the-spy-who-shagged-me,0.0
TA,austin-powers-in-goldmember,0.0
TA,the-mask-1994,0.0
TA,black-hawk-down,0.0
TA,who-framed-roger-rabbit,0.0
TA,saving-private-ryan,0.0
TA,toy-story,0.0
TA,toy-story-2,0.0
TA,planet-of-the-apes-2001,0.0
TA,a-few-good-men,0.0
TA,cars,0.0
TA,madagascar,0.0
TA,spaceballs,0.0
TA,eraserhead,0.0
TA,the-talented-mr-ripley,0.0
TA,rocky-balboa,0.0
TA,ghost-rider,0.0
TA,american-psycho,0.0
TA,first-blood,0.0
TA,blood-diamond,0.0
TA,the-pursuit-of-happyness,0.0
TA,pans-labyrinth,0.0
TA,the-departed,0.0
TA,the-virgin-suicides,0.0
TA,superman-returns,0.0
TA,hellboy,0.0
TA,miss-congeniality,0.0
TA,kingdom-of-heaven,0.0
TA,live-free-or-die-hard,0.0
TA,die-hard-with-a-vengeance,0.0
TA,die-hard-2,0.0
TA,resident-evil,0.0
TA,resident-evil-apocalypse,0.0
TA,night-at-the-museum,0.0
TA,meet-the-parents,0.0
TA,liar-liar,0.0
TA,con-air,0.0
TA,the-incredible-hulk,0.0
TA,iron-man-2008,0.0
TA,the-mummy-returns,0.0
TA,captain-america-the-first-avenger,0.0
TA,phone-booth,0.0
TA,lord-of-war,0.0
TA,transformers,0.0
TA,pirates-of-the-caribbean-on-stranger-tides,0.0
TA,the-empire-strikes-back,0.0
TA,return-of-the-jedi,0.0
TA,star-wars-episode-i-the-phantom-menace,0.0
TA,star-wars-episode-ii-attack-of-the-clones,0.0
TA,star-wars-episode-iii-revenge-of-the-sith,0.0
TA,the-amazing-spider-man,0.0
TA,crank,0.0
TA,zodiac,0.0
TA,the-butterfly-effect,0.0
TA,fantastic-four-rise-of-the-silver-surfer,0.0
TA,lara-croft-tomb-raider,0.0
TA,the-patriot-2000,0.0
TA,training-day,0.0
TA,i-robot,0.0
TA,national-treasure,0.0
TA,x-men-origins-wolverine,0.0
TA,american-pie,0.0
TA,rush-hour,0.0
TA,la-confidential,0.0
TA,clerks,0.0
TA,space-jam,0.0
TA,the-bourne-identity-2002,0.0
TA,the-bourne-supremacy,0.0
TA,the-bourne-ultimatum,0.0
TA,the-blair-witch-project,0.0
TA,signs,0.0
TA,evan-almighty,0.0
TA,american-pie-2,0.0
TA,hairspray-2007,0.0
TA,ace-ventura-pet-detective,0.0
TA,team-america-world-police,0.0
TA,blow,0.0
TA,scary-movie-2000,0.0
TA,scary-movie-3,0.0
TA,charlies-angels,0.0
TA,friday-the-13th,0.0
TA,enchanted,0.0
TA,the-machinist,0.0
TA,hot-fuzz,0.0
TA,knocked-up,0.0
TA,rush-hour-3,0.0
TA,rush-hour-2,0.0
TA,the-polar-express,0.0
TA,robocop,0.0
TA,the-mist,0.0
TA,freddy-vs-jason,0.0
TA,alvin-and-the-chipmunks,0.0
TA,i-am-legend,0.0
TA,the-village,0.0
TA,the-40-year-old-virgin,0.0
TA,van-helsing,0.0
TA,cloverfield,0.0
TA,coach-carter,0.0
TA,juno,0.0
TA,carrie-1976,0.0
TA,there-will-be-blood,0.0
TA,tropic-thunder,0.0
TA,deja-vu,0.0
TA,punch-drunk-love,0.0
TA,21,0.0
TA,desperado,0.0
TA,napoleon-dynamite,0.0
TA,in-bruges,0.0
TA,cast-away,0.0
TA,superbad,0.0
TA,transformers-revenge-of-the-fallen,0.0
TA,dumb-and-dumber,0.0
TA,hitch-2005,0.0
TA,the-lion-king,0.0
TA,taken,0.0
TA,anchorman-the-legend-of-ron-burgundy,0.0
TA,legally-blonde,0.0
TA,jumanji,0.0
TA,how-the-grinch-stole-christmas-2000,0.0
TA,waynes-world,0.0
TA,wanted-2008,0.0
TA,garfield,0.0
TA,bad-boys-ii,0.0
TA,ace-ventura-when-nature-calls,0.0
TA,click,0.0
TA,the-mask-of-zorro,0.0
TA,nacho-libre,0.0
TA,ferris-buellers-day-off,0.0
TA,starsky-hutch,0.0
TA,zoolander,0.0
TA,dodgeball-a-true-underdog-story,0.0
TA,south-park-bigger-longer-uncut,0.0
TA,a-knights-tale,0.0
TA,daredevil,0.0
TA,a-bugs-life,0.0
TA,kung-fu-panda,0.0
TA,man-on-fire-2004,0.0
TA,final-destination,0.0
TA,flubber,0.0
TA,happy-gilmore,0.0
TA,the-fast-and-the-furious-tokyo-drift,0.0
TA,scooby-doo,0.0
TA,shes-the-man,0.0
TA,bad-boys-1995,0.0
TA,fantastic-four-2005,0.0
TA,air-force-one,0.0
TA,the-fast-and-the-furious-2001,0.0
TA,the-incredibles,0.0
TA,the-parent-trap-1998,0.0
TA,happy-feet,0.0
TA,forgetting-sarah-marshall,0.0
TA,the-princess-diaries,0.0
TA,how-to-lose-a-guy-in-10-days,0.0
TA,blades-of-glory,0.0
TA,beauty-and-the-beast-1991,0.0
TA,spy-kids,0.0
TA,hot-rod,0.0
TA,13-going-on-30-3,0.0
TA,stuart-little,0.0
TA,iron-man-2,0.0
TA,the-little-mermaid,0.0
TA,pineapple-express,0.0
TA,shrek-forever-after,0.0
TA,toy-story-3,0.0
TA,thor,0.0
TA,the-last-airbender,0.0
TA,a-walk-to-remember,0.0
TA,freaky-friday-2003,0.0
TA,hocus-pocus,0.0
TA,the-cat-in-the-hat-2003,0.0
TA,mean-girls,0.0
TA,friday,0.0
TA,remember-the-titans,0.0
TA,the-waterboy,0.0
TA,mulan,0.0
TA,elf,0.0
TA,quantum-of-solace,0.0
TA,matilda,0.0
TA,high-school-musical,0.0
TA,billy-madison,0.0
TA,the-notebook,0.0
TA,public-enemies-2009,0.0
TA,shutter-island,0.0
TA,the-sandlot,0.0
TA,lilo-stitch,0.0
TA,old-school,0.0
TA,get-smart,0.0
TA,101-dalmatians,0.0
TA,the-emperors-new-groove,0.0
TA,lemony-snickets-a-series-of-unfortunate-events,0.0
TA,hercules-1997,0.0
TA,caddyshack,0.0
TA,step-brothers,0.0
TA,white-chicks,0.0
TA,gran-torino,0.0
TA,up,0.0
TA,paul-blart-mall-cop,0.0
TA,i-love-you-man,0.0
TA,inglourious-basterds,0.0
TA,district-9,0.0
TA,the-proposal-2009,0.0
TA,the-hangover,0.0
TA,clash-of-the-titans-2010,0.0
TA,zombieland,0.0
TA,avatar,0.0
TA,the-book-of-eli,0.0
TA,scott-pilgrim-vs-the-world,0.0
TA,the-blind-side,0.0
TA,the-cabin-in-the-woods,0.0
TA,hot-tub-time-machine,0.0
TA,kick-ass,0.0
TA,paranormal-activity,0.0
TA,the-avengers-2012,0.0
TA,inception,0.0
TA,salt-2010,0.0
TA,the-expendables,0.0
TA,the-other-guys,0.0
TA,blade,0.0
TA,x-men,0.0
TA,x2,0.0
TA,x-men-the-last-stand,0.0
TA,die-another-day,0.0
TA,tarzan,0.0
TA,the-truman-show,0.0
TA,skyfall,0.0
TA,easy-a,0.0
TA,the-social-network,0.0
TA,transformers-dark-of-the-moon,0.0
TA,grown-ups,0.0
TA,tangled-2010,0.0
TA,men-in-black-3,0.0
TA,due-date,0.0
TA,true-grit-2010,0.0
TA,the-hangover-part-ii,0.0
TA,the-fighter-2010,0.0
TA,all-quiet-on-the-western-front-2022,0.0
TA,dredd,0.0
TA,the-hobbit-an-unexpected-journey,0.0
TA,man-of-steel,0.0
TA,x-men-first-class,0.0
TA,friends-with-benefits,0.0
TA,fast-five,0.0
TA,horrible-bosses,0.0
TA,limitless,0.0
TA,bridesmaids,0.0
TA,kick-ass-2,0.0
TA,looper,0.0
TA,brave-2012,0.0
TA,star-wars,0.0
TA,finding-nemo,0.0
TA,forrest-gump,0.0
TA,the-fifth-element,0.0
TA,pirates-of-the-caribbean-the-curse-of-the-black-pearl,0.0
TA,kill-bill-vol-1,0.0
TA,jarhead,0.0
TA,the-muppets,0.0
TA,the-great-gatsby-2013,0.0
TA,21-jump-street,0.0
TA,drive-2011,0.0
